This is XeTeX, Version 3.141592653-2.6-0.999994 (TeX Live 2022/Debian) (preloaded format=xelatex 2025.2.23)  4 JUN 2025 22:29
entering extended mode
 restricted \write18 enabled.
 %&-line parsing enabled.
**02
(./02.tex
LaTeX2e <2022-11-01> patch level 1
L3 programming layer <2023-01-16> (./langscibook.cls
Document Class: langscibook 2022/02/08 Language Science Press
(/usr/share/texlive/texmf-dist/tex/latex/silence/silence.sty
Package: silence 2012/07/02 v1.5b Selective filtering of warnings and error mes
sages
\sl@Save=\count181
\sl@StateNumber=\count182
\sl@MessageCount=\count183
\sl@Casualties=\count184
\sl@Filter=\toks16
\sl@Message=\toks17
\sl@UnexpandedMessage=\toks18
\sl@Mess@ge=\toks19
\sl@WarningCount=\count185
\sl@WarningNumber=\count186
\sl@WarningCasualties=\count187
\sl@TempBOW=\toks20
\sl@BankOfWarnings=\toks21
LaTeX Info: Redefining \GenericWarning on input line 433.
\sl@ErrorCount=\count188
\sl@ErrorNumber=\count189
\sl@ErrorCasualties=\count190
\sl@TempBOE=\toks22
\sl@BankOfErrors=\toks23
LaTeX Info: Redefining \GenericError on input line 601.
)
Warnings are disabled in langscibook.cls for underfull boxes, hyperref, microty
pe and scrbook package incompatibility, todonotes length and babel/polyglossia 
csquotes
(/usr/share/texlive/texmf-dist/tex/latex/etoolbox/etoolbox.sty
Package: etoolbox 2020/10/05 v2.5k e-TeX tools for LaTeX (JAW)
\etb@tempcnta=\count191
)
(/usr/share/texlive/texmf-dist/tex/latex/l3packages/xparse/xparse.sty
(/usr/share/texlive/texmf-dist/tex/latex/l3kernel/expl3.sty
Package: expl3 2023-01-16 L3 programming layer (loader) 

(/usr/share/texlive/texmf-dist/tex/latex/l3backend/l3backend-xetex.def
File: l3backend-xetex.def 2023-01-16 L3 backend support: XeTeX
\g__graphics_track_int=\count192
\l__pdf_internal_box=\box51
\g__pdf_backend_object_int=\count193
\g__pdf_backend_annotation_int=\count194
\g__pdf_backend_link_int=\count195
))
Package: xparse 2023-01-16 L3 Experimental document command parser
)
(/usr/share/texlive/texmf-dist/tex/xelatex/langsci/langsci-affiliations.sty
Package: langsci-affiliations 2021-11-30 v1.0.4 A LaTeX3 package to collect and
 order authors and affiliations
\l__affiliations_tmpa_int=\count196
\g__affiliations_num_authors_int=\count197
)
(/usr/share/texlive/texmf-dist/tex/latex/tools/xspace.sty
Package: xspace 2014/10/28 v1.13 Space after command names (DPC,MH)
)
(/usr/share/texlive/texmf-dist/tex/latex/kvoptions/kvoptions.sty
Package: kvoptions 2022-06-15 v3.15 Key value format for package options (HO)

(/usr/share/texlive/texmf-dist/tex/latex/graphics/keyval.sty
Package: keyval 2022/05/29 v1.15 key=value parser (DPC)
\KV@toks@=\toks24
)
(/usr/share/texlive/texmf-dist/tex/generic/ltxcmds/ltxcmds.sty
Package: ltxcmds 2020-05-10 v1.25 LaTeX kernel commands for general use (HO)
)
(/usr/share/texlive/texmf-dist/tex/latex/kvsetkeys/kvsetkeys.sty
Package: kvsetkeys 2022-10-05 v1.19 Key value parser (HO)
))
(/usr/share/texlive/texmf-dist/tex/latex/koma-script/scrbook.cls
Document Class: scrbook 2022/10/12 v3.38 KOMA-Script document class (book)
(/usr/share/texlive/texmf-dist/tex/latex/koma-script/scrkbase.sty
Package: scrkbase 2022/10/12 v3.38 KOMA-Script package (KOMA-Script-dependent b
asics and keyval usage)

(/usr/share/texlive/texmf-dist/tex/latex/koma-script/scrbase.sty
Package: scrbase 2022/10/12 v3.38 KOMA-Script package (KOMA-Script-independent 
basics and keyval usage)

(/usr/share/texlive/texmf-dist/tex/latex/koma-script/scrlfile.sty
Package: scrlfile 2022/10/12 v3.38 KOMA-Script package (file load hooks)

(/usr/share/texlive/texmf-dist/tex/latex/koma-script/scrlfile-hook.sty
Package: scrlfile-hook 2022/10/12 v3.38 KOMA-Script package (using LaTeX hooks)


(/usr/share/texlive/texmf-dist/tex/latex/koma-script/scrlogo.sty
Package: scrlogo 2022/10/12 v3.38 KOMA-Script package (logo)
)))
Applying: [2021/05/01] Usage of raw or classic option list on input line 252.
Already applied: [0000/00/00] Usage of raw or classic option list on input line
 368.
))
(/usr/share/texlive/texmf-dist/tex/latex/koma-script/tocbasic.sty
Package: tocbasic 2022/10/12 v3.38 KOMA-Script package (handling toc-files)
\scr@dte@tocline@numberwidth=\skip48
\scr@dte@tocline@numbox=\box52
)
Package tocbasic Info: omitting babel extension for `toc'
(tocbasic)             because of feature `nobabel' available
(tocbasic)             for `toc' on input line 137.
Class scrbook Info: File `scrsize11pt.clo' used to setup font sizes on input li
ne 2617.

(/usr/share/texlive/texmf-dist/tex/latex/koma-script/scrsize11pt.clo
File: scrsize11pt.clo 2022/10/12 v3.38 KOMA-Script font size class option (11pt
)
)
(/usr/share/texlive/texmf-dist/tex/latex/koma-script/typearea.sty
Package: typearea 2022/10/12 v3.38 KOMA-Script package (type area)
\ta@bcor=\skip49
\ta@div=\count198
\ta@hblk=\skip50
\ta@vblk=\skip51
\ta@temp=\skip52
\footheight=\skip53
Package typearea Info: These are the values describing the layout:
(typearea)             DIV  = 10
(typearea)             BCOR = 0.0pt
(typearea)             \paperwidth      = 597.50793pt
(typearea)              \textwidth      = 418.25555pt
(typearea)              DIV departure   = -6%
(typearea)              \evensidemargin = 47.2316pt
(typearea)              \oddsidemargin  = -12.5192pt
(typearea)             \paperheight     = 845.04694pt
(typearea)              \textheight     = 595.80026pt
(typearea)              \topmargin      = -25.16531pt
(typearea)              \headheight     = 17.0pt
(typearea)              \headsep        = 20.40001pt
(typearea)              \topskip        = 11.0pt
(typearea)              \footskip       = 47.6pt
(typearea)              \baselineskip   = 13.6pt
(typearea)              on input line 1767.
)
\c@part=\count199
\c@chapter=\count266
\c@section=\count267
\c@subsection=\count268
\c@subsubsection=\count269
\c@paragraph=\count270
\c@subparagraph=\count271
\scr@dte@chapter@maxnumwidth=\skip54
Class scrbook Info: using compatibility default `afterindent=bysign'
(scrbook)           for `\chapter on input line 5898.
\scr@dte@section@maxnumwidth=\skip55
Class scrbook Info: using compatibility default `runin=bysign'
(scrbook)           for `\section on input line 5909.
Class scrbook Info: using compatibility default `afterindent=bysign'
(scrbook)           for `\section on input line 5909.
\scr@dte@part@maxnumwidth=\skip56
Class scrbook Info: using compatibility default `afterindent=true'
(scrbook)           for `\part on input line 5918.
\scr@dte@subsection@maxnumwidth=\skip57
Class scrbook Info: using compatibility default `runin=bysign'
(scrbook)           for `\subsection on input line 5928.
Class scrbook Info: using compatibility default `afterindent=bysign'
(scrbook)           for `\subsection on input line 5928.
\scr@dte@subsubsection@maxnumwidth=\skip58
Class scrbook Info: using compatibility default `runin=bysign'
(scrbook)           for `\subsubsection on input line 5938.
Class scrbook Info: using compatibility default `afterindent=bysign'
(scrbook)           for `\subsubsection on input line 5938.
\scr@dte@paragraph@maxnumwidth=\skip59
Class scrbook Info: using compatibility default `runin=bysign'
(scrbook)           for `\paragraph on input line 5949.
Class scrbook Info: using compatibility default `afterindent=bysign'
(scrbook)           for `\paragraph on input line 5949.
\scr@dte@subparagraph@maxnumwidth=\skip60
Class scrbook Info: using compatibility default `runin=bysign'
(scrbook)           for `\subparagraph on input line 5959.
Class scrbook Info: using compatibility default `afterindent=bysign'
(scrbook)           for `\subparagraph on input line 5959.
\abovecaptionskip=\skip61
\belowcaptionskip=\skip62
\c@pti@nb@sid@b@x=\box53
Package tocbasic Info: omitting babel extension for `lof'
(tocbasic)             because of feature `nobabel' available
(tocbasic)             for `lof' on input line 7142.
\scr@dte@figure@maxnumwidth=\skip63
\c@figure=\count272
Package tocbasic Info: omitting babel extension for `lot'
(tocbasic)             because of feature `nobabel' available
(tocbasic)             for `lot' on input line 7159.
\scr@dte@table@maxnumwidth=\skip64
\c@table=\count273
Class scrbook Info: Redefining `\numberline' on input line 7330.
\bibindent=\dimen140
)
(/usr/share/texlive/texmf-dist/tex/generic/xstring/xstring.sty
(/usr/share/texlive/texmf-dist/tex/generic/xstring/xstring.tex
\integerpart=\count274
\decimalpart=\count275
)
Package: xstring 2023/01/14 v1.85 String manipulations (CT)
)
(/usr/share/texlive/texmf-dist/tex/latex/graphics/graphicx.sty
Package: graphicx 2021/09/16 v1.2d Enhanced LaTeX Graphics (DPC,SPQR)

(/usr/share/texlive/texmf-dist/tex/latex/graphics/graphics.sty
Package: graphics 2022/03/10 v1.4e Standard LaTeX Graphics (DPC,SPQR)

(/usr/share/texlive/texmf-dist/tex/latex/graphics/trig.sty
Package: trig 2021/08/11 v1.11 sin cos tan (DPC)
)
(/usr/share/texlive/texmf-dist/tex/latex/graphics-cfg/graphics.cfg
File: graphics.cfg 2016/06/04 v1.11 sample graphics configuration
)
Package graphics Info: Driver file: xetex.def on input line 107.

(/usr/share/texlive/texmf-dist/tex/latex/graphics-def/xetex.def
File: xetex.def 2022/09/22 v5.0n Graphics/color driver for xetex
))
\Gin@req@height=\dimen141
\Gin@req@width=\dimen142
)
(/usr/share/texlive/texmf-dist/tex/latex/hyphenat/hyphenat.sty
Package: hyphenat 2009/09/02 v2.3c hyphenation utilities
\langwohyphens=\language45
LaTeX Info: Redefining \_ on input line 43.
)
(/usr/share/texlive/texmf-dist/tex/latex/pgf/frontendlayer/tikz.sty
(/usr/share/texlive/texmf-dist/tex/latex/pgf/basiclayer/pgf.sty
(/usr/share/texlive/texmf-dist/tex/latex/pgf/utilities/pgfrcs.sty
(/usr/share/texlive/texmf-dist/tex/generic/pgf/utilities/pgfutil-common.tex
\pgfutil@everybye=\toks25
\pgfutil@tempdima=\dimen143
\pgfutil@tempdimb=\dimen144
)
(/usr/share/texlive/texmf-dist/tex/generic/pgf/utilities/pgfutil-latex.def
\pgfutil@abb=\box54
)
(/usr/share/texlive/texmf-dist/tex/generic/pgf/utilities/pgfrcs.code.tex
(/usr/share/texlive/texmf-dist/tex/generic/pgf/pgf.revision.tex)
Package: pgfrcs 2023-01-15 v3.1.10 (3.1.10)
))
Package: pgf 2023-01-15 v3.1.10 (3.1.10)

(/usr/share/texlive/texmf-dist/tex/latex/pgf/basiclayer/pgfcore.sty
(/usr/share/texlive/texmf-dist/tex/latex/pgf/systemlayer/pgfsys.sty
(/usr/share/texlive/texmf-dist/tex/generic/pgf/systemlayer/pgfsys.code.tex
Package: pgfsys 2023-01-15 v3.1.10 (3.1.10)

(/usr/share/texlive/texmf-dist/tex/generic/pgf/utilities/pgfkeys.code.tex
\pgfkeys@pathtoks=\toks26
\pgfkeys@temptoks=\toks27

(/usr/share/texlive/texmf-dist/tex/generic/pgf/utilities/pgfkeyslibraryfiltered
.code.tex
\pgfkeys@tmptoks=\toks28
))
\pgf@x=\dimen145
\pgf@y=\dimen146
\pgf@xa=\dimen147
\pgf@ya=\dimen148
\pgf@xb=\dimen149
\pgf@yb=\dimen150
\pgf@xc=\dimen151
\pgf@yc=\dimen152
\pgf@xd=\dimen153
\pgf@yd=\dimen154
\w@pgf@writea=\write3
\r@pgf@reada=\read2
\c@pgf@counta=\count276
\c@pgf@countb=\count277
\c@pgf@countc=\count278
\c@pgf@countd=\count279
\t@pgf@toka=\toks29
\t@pgf@tokb=\toks30
\t@pgf@tokc=\toks31
\pgf@sys@id@count=\count280
 (/usr/share/texlive/texmf-dist/tex/generic/pgf/systemlayer/pgf.cfg
File: pgf.cfg 2023-01-15 v3.1.10 (3.1.10)
)
Driver file for pgf: pgfsys-xetex.def
(/usr/share/texlive/texmf-dist/tex/generic/pgf/systemlayer/pgfsys-xetex.def
File: pgfsys-xetex.def 2023-01-15 v3.1.10 (3.1.10)

(/usr/share/texlive/texmf-dist/tex/generic/pgf/systemlayer/pgfsys-dvipdfmx.def
File: pgfsys-dvipdfmx.def 2023-01-15 v3.1.10 (3.1.10)

(/usr/share/texlive/texmf-dist/tex/generic/pgf/systemlayer/pgfsys-common-pdf.de
f
File: pgfsys-common-pdf.def 2023-01-15 v3.1.10 (3.1.10)
)
\pgfsys@objnum=\count281
)))
(/usr/share/texlive/texmf-dist/tex/generic/pgf/systemlayer/pgfsyssoftpath.code.
tex
File: pgfsyssoftpath.code.tex 2023-01-15 v3.1.10 (3.1.10)
\pgfsyssoftpath@smallbuffer@items=\count282
\pgfsyssoftpath@bigbuffer@items=\count283
)
(/usr/share/texlive/texmf-dist/tex/generic/pgf/systemlayer/pgfsysprotocol.code.
tex
File: pgfsysprotocol.code.tex 2023-01-15 v3.1.10 (3.1.10)
)) (/usr/share/texlive/texmf-dist/tex/latex/xcolor/xcolor.sty
Package: xcolor 2022/06/12 v2.14 LaTeX color extensions (UK)

(/usr/share/texlive/texmf-dist/tex/latex/graphics-cfg/color.cfg
File: color.cfg 2016/01/02 v1.6 sample color configuration
)
Package xcolor Info: Driver file: xetex.def on input line 227.

(/usr/share/texlive/texmf-dist/tex/latex/graphics/mathcolor.ltx)
Package xcolor Info: Model `cmy' substituted by `cmy0' on input line 1353.
Package xcolor Info: Model `RGB' extended on input line 1369.
Package xcolor Info: Model `HTML' substituted by `rgb' on input line 1371.
Package xcolor Info: Model `Hsb' substituted by `hsb' on input line 1372.
Package xcolor Info: Model `tHsb' substituted by `hsb' on input line 1373.
Package xcolor Info: Model `HSB' substituted by `hsb' on input line 1374.
Package xcolor Info: Model `Gray' substituted by `gray' on input line 1375.
Package xcolor Info: Model `wave' substituted by `hsb' on input line 1376.
)
(/usr/share/texlive/texmf-dist/tex/generic/pgf/basiclayer/pgfcore.code.tex
Package: pgfcore 2023-01-15 v3.1.10 (3.1.10)

(/usr/share/texlive/texmf-dist/tex/generic/pgf/math/pgfmath.code.tex
(/usr/share/texlive/texmf-dist/tex/generic/pgf/math/pgfmathutil.code.tex)
(/usr/share/texlive/texmf-dist/tex/generic/pgf/math/pgfmathparser.code.tex
\pgfmath@dimen=\dimen155
\pgfmath@count=\count284
\pgfmath@box=\box55
\pgfmath@toks=\toks32
\pgfmath@stack@operand=\toks33
\pgfmath@stack@operation=\toks34
)
(/usr/share/texlive/texmf-dist/tex/generic/pgf/math/pgfmathfunctions.code.tex)
(/usr/share/texlive/texmf-dist/tex/generic/pgf/math/pgfmathfunctions.basic.code
.tex)
(/usr/share/texlive/texmf-dist/tex/generic/pgf/math/pgfmathfunctions.trigonomet
ric.code.tex)
(/usr/share/texlive/texmf-dist/tex/generic/pgf/math/pgfmathfunctions.random.cod
e.tex)
(/usr/share/texlive/texmf-dist/tex/generic/pgf/math/pgfmathfunctions.comparison
.code.tex)
(/usr/share/texlive/texmf-dist/tex/generic/pgf/math/pgfmathfunctions.base.code.
tex)
(/usr/share/texlive/texmf-dist/tex/generic/pgf/math/pgfmathfunctions.round.code
.tex)
(/usr/share/texlive/texmf-dist/tex/generic/pgf/math/pgfmathfunctions.misc.code.
tex)
(/usr/share/texlive/texmf-dist/tex/generic/pgf/math/pgfmathfunctions.integerari
thmetics.code.tex)
(/usr/share/texlive/texmf-dist/tex/generic/pgf/math/pgfmathcalc.code.tex)
(/usr/share/texlive/texmf-dist/tex/generic/pgf/math/pgfmathfloat.code.tex
\c@pgfmathroundto@lastzeros=\count285
))
(/usr/share/texlive/texmf-dist/tex/generic/pgf/math/pgfint.code.tex)
(/usr/share/texlive/texmf-dist/tex/generic/pgf/basiclayer/pgfcorepoints.code.te
x
File: pgfcorepoints.code.tex 2023-01-15 v3.1.10 (3.1.10)
\pgf@picminx=\dimen156
\pgf@picmaxx=\dimen157
\pgf@picminy=\dimen158
\pgf@picmaxy=\dimen159
\pgf@pathminx=\dimen160
\pgf@pathmaxx=\dimen161
\pgf@pathminy=\dimen162
\pgf@pathmaxy=\dimen163
\pgf@xx=\dimen164
\pgf@xy=\dimen165
\pgf@yx=\dimen166
\pgf@yy=\dimen167
\pgf@zx=\dimen168
\pgf@zy=\dimen169
)
(/usr/share/texlive/texmf-dist/tex/generic/pgf/basiclayer/pgfcorepathconstruct.
code.tex
File: pgfcorepathconstruct.code.tex 2023-01-15 v3.1.10 (3.1.10)
\pgf@path@lastx=\dimen170
\pgf@path@lasty=\dimen171
)
(/usr/share/texlive/texmf-dist/tex/generic/pgf/basiclayer/pgfcorepathusage.code
.tex
File: pgfcorepathusage.code.tex 2023-01-15 v3.1.10 (3.1.10)
\pgf@shorten@end@additional=\dimen172
\pgf@shorten@start@additional=\dimen173
)
(/usr/share/texlive/texmf-dist/tex/generic/pgf/basiclayer/pgfcorescopes.code.te
x
File: pgfcorescopes.code.tex 2023-01-15 v3.1.10 (3.1.10)
\pgfpic=\box56
\pgf@hbox=\box57
\pgf@layerbox@main=\box58
\pgf@picture@serial@count=\count286
)
(/usr/share/texlive/texmf-dist/tex/generic/pgf/basiclayer/pgfcoregraphicstate.c
ode.tex
File: pgfcoregraphicstate.code.tex 2023-01-15 v3.1.10 (3.1.10)
\pgflinewidth=\dimen174
)
(/usr/share/texlive/texmf-dist/tex/generic/pgf/basiclayer/pgfcoretransformation
s.code.tex
File: pgfcoretransformations.code.tex 2023-01-15 v3.1.10 (3.1.10)
\pgf@pt@x=\dimen175
\pgf@pt@y=\dimen176
\pgf@pt@temp=\dimen177
)
(/usr/share/texlive/texmf-dist/tex/generic/pgf/basiclayer/pgfcorequick.code.tex
File: pgfcorequick.code.tex 2023-01-15 v3.1.10 (3.1.10)
)
(/usr/share/texlive/texmf-dist/tex/generic/pgf/basiclayer/pgfcoreobjects.code.t
ex
File: pgfcoreobjects.code.tex 2023-01-15 v3.1.10 (3.1.10)
)
(/usr/share/texlive/texmf-dist/tex/generic/pgf/basiclayer/pgfcorepathprocessing
.code.tex
File: pgfcorepathprocessing.code.tex 2023-01-15 v3.1.10 (3.1.10)
)
(/usr/share/texlive/texmf-dist/tex/generic/pgf/basiclayer/pgfcorearrows.code.te
x
File: pgfcorearrows.code.tex 2023-01-15 v3.1.10 (3.1.10)
\pgfarrowsep=\dimen178
)
(/usr/share/texlive/texmf-dist/tex/generic/pgf/basiclayer/pgfcoreshade.code.tex
File: pgfcoreshade.code.tex 2023-01-15 v3.1.10 (3.1.10)
\pgf@max=\dimen179
\pgf@sys@shading@range@num=\count287
\pgf@shadingcount=\count288
)
(/usr/share/texlive/texmf-dist/tex/generic/pgf/basiclayer/pgfcoreimage.code.tex
File: pgfcoreimage.code.tex 2023-01-15 v3.1.10 (3.1.10)
)
(/usr/share/texlive/texmf-dist/tex/generic/pgf/basiclayer/pgfcoreexternal.code.
tex
File: pgfcoreexternal.code.tex 2023-01-15 v3.1.10 (3.1.10)
\pgfexternal@startupbox=\box59
)
(/usr/share/texlive/texmf-dist/tex/generic/pgf/basiclayer/pgfcorelayers.code.te
x
File: pgfcorelayers.code.tex 2023-01-15 v3.1.10 (3.1.10)
)
(/usr/share/texlive/texmf-dist/tex/generic/pgf/basiclayer/pgfcoretransparency.c
ode.tex
File: pgfcoretransparency.code.tex 2023-01-15 v3.1.10 (3.1.10)
)
(/usr/share/texlive/texmf-dist/tex/generic/pgf/basiclayer/pgfcorepatterns.code.
tex
File: pgfcorepatterns.code.tex 2023-01-15 v3.1.10 (3.1.10)
)
(/usr/share/texlive/texmf-dist/tex/generic/pgf/basiclayer/pgfcorerdf.code.tex
File: pgfcorerdf.code.tex 2023-01-15 v3.1.10 (3.1.10)
)))
(/usr/share/texlive/texmf-dist/tex/generic/pgf/modules/pgfmoduleshapes.code.tex
File: pgfmoduleshapes.code.tex 2023-01-15 v3.1.10 (3.1.10)
\pgfnodeparttextbox=\box60
) (/usr/share/texlive/texmf-dist/tex/generic/pgf/modules/pgfmoduleplot.code.tex
File: pgfmoduleplot.code.tex 2023-01-15 v3.1.10 (3.1.10)
)
(/usr/share/texlive/texmf-dist/tex/latex/pgf/compatibility/pgfcomp-version-0-65
.sty
Package: pgfcomp-version-0-65 2023-01-15 v3.1.10 (3.1.10)
\pgf@nodesepstart=\dimen180
\pgf@nodesepend=\dimen181
)
(/usr/share/texlive/texmf-dist/tex/latex/pgf/compatibility/pgfcomp-version-1-18
.sty
Package: pgfcomp-version-1-18 2023-01-15 v3.1.10 (3.1.10)
)) (/usr/share/texlive/texmf-dist/tex/latex/pgf/utilities/pgffor.sty
(/usr/share/texlive/texmf-dist/tex/latex/pgf/utilities/pgfkeys.sty
(/usr/share/texlive/texmf-dist/tex/generic/pgf/utilities/pgfkeys.code.tex))
(/usr/share/texlive/texmf-dist/tex/latex/pgf/math/pgfmath.sty
(/usr/share/texlive/texmf-dist/tex/generic/pgf/math/pgfmath.code.tex))
(/usr/share/texlive/texmf-dist/tex/generic/pgf/utilities/pgffor.code.tex
Package: pgffor 2023-01-15 v3.1.10 (3.1.10)
\pgffor@iter=\dimen182
\pgffor@skip=\dimen183
\pgffor@stack=\toks35
\pgffor@toks=\toks36
))
(/usr/share/texlive/texmf-dist/tex/generic/pgf/frontendlayer/tikz/tikz.code.tex
Package: tikz 2023-01-15 v3.1.10 (3.1.10)

(/usr/share/texlive/texmf-dist/tex/generic/pgf/libraries/pgflibraryplothandlers
.code.tex
File: pgflibraryplothandlers.code.tex 2023-01-15 v3.1.10 (3.1.10)
\pgf@plot@mark@count=\count289
\pgfplotmarksize=\dimen184
)
\tikz@lastx=\dimen185
\tikz@lasty=\dimen186
\tikz@lastxsaved=\dimen187
\tikz@lastysaved=\dimen188
\tikz@lastmovetox=\dimen189
\tikz@lastmovetoy=\dimen190
\tikzleveldistance=\dimen191
\tikzsiblingdistance=\dimen192
\tikz@figbox=\box61
\tikz@figbox@bg=\box62
\tikz@tempbox=\box63
\tikz@tempbox@bg=\box64
\tikztreelevel=\count290
\tikznumberofchildren=\count291
\tikznumberofcurrentchild=\count292
\tikz@fig@count=\count293

(/usr/share/texlive/texmf-dist/tex/generic/pgf/modules/pgfmodulematrix.code.tex
File: pgfmodulematrix.code.tex 2023-01-15 v3.1.10 (3.1.10)
\pgfmatrixcurrentrow=\count294
\pgfmatrixcurrentcolumn=\count295
\pgf@matrix@numberofcolumns=\count296
)
\tikz@expandcount=\count297

(/usr/share/texlive/texmf-dist/tex/generic/pgf/frontendlayer/tikz/libraries/tik
zlibrarytopaths.code.tex
File: tikzlibrarytopaths.code.tex 2023-01-15 v3.1.10 (3.1.10)
)))
(/usr/share/texlive/texmf-dist/tex/generic/pgf/frontendlayer/tikz/libraries/tik
zlibrarypositioning.code.tex
File: tikzlibrarypositioning.code.tex 2023-01-15 v3.1.10 (3.1.10)
)
(/usr/share/texlive/texmf-dist/tex/generic/pgf/frontendlayer/tikz/libraries/tik
zlibrarycalc.code.tex
File: tikzlibrarycalc.code.tex 2023-01-15 v3.1.10 (3.1.10)
) (/usr/share/texlive/texmf-dist/tex/latex/url/url.sty
\Urlmuskip=\muskip16
Package: url 2013/09/16  ver 3.4  Verb mode for urls, etc.
)
\bleed=\skip65
\seitenbreite=\skip66
\seitenhoehe=\skip67
\spinewidth=\skip68
\totalwidth=\skip69
\totalheight=\skip70

(/usr/share/texlive/texmf-dist/tex/latex/tools/calc.sty
Package: calc 2017/05/25 v4.3 Infix arithmetic (KKT,FJ)
\calc@Acount=\count298
\calc@Bcount=\count299
\calc@Adimen=\dimen193
\calc@Bdimen=\dimen194
\calc@Askip=\skip71
\calc@Bskip=\skip72
LaTeX Info: Redefining \setlength on input line 80.
LaTeX Info: Redefining \addtolength on input line 81.
\calc@Ccount=\count300
\calc@Cskip=\skip73
)
(/usr/share/texlive/texmf-dist/tex/latex/geometry/geometry.sty
Package: geometry 2020/01/02 v5.9 Page Geometry

(/usr/share/texlive/texmf-dist/tex/generic/iftex/ifvtex.sty
Package: ifvtex 2019/10/25 v1.7 ifvtex legacy package. Use iftex instead.

(/usr/share/texlive/texmf-dist/tex/generic/iftex/iftex.sty
Package: iftex 2022/02/03 v1.0f TeX engine tests
))
\Gm@cnth=\count301
\Gm@cntv=\count302
\c@Gm@tempcnt=\count303
\Gm@bindingoffset=\dimen195
\Gm@wd@mp=\dimen196
\Gm@odd@mp=\dimen197
\Gm@even@mp=\dimen198
\Gm@layoutwidth=\dimen199
\Gm@layoutheight=\dimen256
\Gm@layouthoffset=\dimen257
\Gm@layoutvoffset=\dimen258
\Gm@dimlist=\toks37
)
(/usr/share/texlive/texmf-dist/tex/generic/iftex/ifxetex.sty
Package: ifxetex 2019/10/25 v0.7 ifxetex legacy package. Use iftex instead.
)
(/usr/share/texlive/texmf-dist/tex/latex/amsfonts/amssymb.sty
Package: amssymb 2013/01/14 v3.01 AMS font symbols

(/usr/share/texlive/texmf-dist/tex/latex/amsfonts/amsfonts.sty
Package: amsfonts 2013/01/14 v3.01 Basic AMSFonts support
\@emptytoks=\toks38
\symAMSa=\mathgroup4
\symAMSb=\mathgroup5
LaTeX Font Info:    Redeclaring math symbol \hbar on input line 98.
LaTeX Font Info:    Overwriting math alphabet `\mathfrak' in version `bold'
(Font)                  U/euf/m/n --> U/euf/b/n on input line 106.
))
(/usr/share/texlive/texmf-dist/tex/latex/amsmath/amsmath.sty
Package: amsmath 2022/04/08 v2.17n AMS math features
\@mathmargin=\skip74

For additional information on amsmath, use the `?' option.
(/usr/share/texlive/texmf-dist/tex/latex/amsmath/amstext.sty
Package: amstext 2021/08/26 v2.01 AMS text

(/usr/share/texlive/texmf-dist/tex/latex/amsmath/amsgen.sty
File: amsgen.sty 1999/11/30 v2.0 generic functions
\@emptytoks=\toks39
\ex@=\dimen259
))
(/usr/share/texlive/texmf-dist/tex/latex/amsmath/amsbsy.sty
Package: amsbsy 1999/11/29 v1.2d Bold Symbols
\pmbraise@=\dimen260
)
(/usr/share/texlive/texmf-dist/tex/latex/amsmath/amsopn.sty
Package: amsopn 2022/04/08 v2.04 operator names
)
\inf@bad=\count304
LaTeX Info: Redefining \frac on input line 234.
\uproot@=\count305
\leftroot@=\count306
LaTeX Info: Redefining \overline on input line 399.
LaTeX Info: Redefining \colon on input line 410.
\classnum@=\count307
\DOTSCASE@=\count308
LaTeX Info: Redefining \ldots on input line 496.
LaTeX Info: Redefining \dots on input line 499.
LaTeX Info: Redefining \cdots on input line 620.
\Mathstrutbox@=\box65
\strutbox@=\box66
LaTeX Info: Redefining \big on input line 722.
LaTeX Info: Redefining \Big on input line 723.
LaTeX Info: Redefining \bigg on input line 724.
LaTeX Info: Redefining \Bigg on input line 725.
\big@size=\dimen261
LaTeX Font Info:    Redeclaring font encoding OML on input line 743.
LaTeX Font Info:    Redeclaring font encoding OMS on input line 744.
\macc@depth=\count309
LaTeX Info: Redefining \bmod on input line 905.
LaTeX Info: Redefining \pmod on input line 910.
LaTeX Info: Redefining \smash on input line 940.
LaTeX Info: Redefining \relbar on input line 970.
LaTeX Info: Redefining \Relbar on input line 971.
\c@MaxMatrixCols=\count310
\dotsspace@=\muskip17
\c@parentequation=\count311
\dspbrk@lvl=\count312
\tag@help=\toks40
\row@=\count313
\column@=\count314
\maxfields@=\count315
\andhelp@=\toks41
\eqnshift@=\dimen262
\alignsep@=\dimen263
\tagshift@=\dimen264
\tagwidth@=\dimen265
\totwidth@=\dimen266
\lineht@=\dimen267
\@envbody=\toks42
\multlinegap=\skip75
\multlinetaggap=\skip76
\mathdisplay@stack=\toks43
LaTeX Info: Redefining \[ on input line 2953.
LaTeX Info: Redefining \] on input line 2954.
)
LaTeX Info: Redefining \genfrac on input line 840.

(/usr/share/texlive/texmf-dist/tex/latex/unicode-math/unicode-math.sty
Package: unicode-math 2020/01/31 v0.8q Unicode maths in XeLaTeX and LuaLaTeX

(/usr/share/texlive/texmf-dist/tex/latex/unicode-math/unicode-math-xetex.sty
Package: unicode-math-xetex 2020/01/31 v0.8q Unicode maths in XeLaTeX and LuaLa
TeX

(/usr/share/texlive/texmf-dist/tex/latex/l3packages/l3keys2e/l3keys2e.sty
Package: l3keys2e 2023-01-16 LaTeX2e option processing using LaTeX3 keys
)
(/usr/share/texlive/texmf-dist/tex/latex/fontspec/fontspec.sty
Package: fontspec 2022/01/15 v2.8a Font selection for XeLaTeX and LuaLaTeX

(/usr/share/texlive/texmf-dist/tex/latex/fontspec/fontspec-xetex.sty
Package: fontspec-xetex 2022/01/15 v2.8a Font selection for XeLaTeX and LuaLaTe
X
\l__fontspec_script_int=\count316
\l__fontspec_language_int=\count317
\l__fontspec_strnum_int=\count318
\l__fontspec_tmp_int=\count319
\l__fontspec_tmpa_int=\count320
\l__fontspec_tmpb_int=\count321
\l__fontspec_tmpc_int=\count322
\l__fontspec_em_int=\count323
\l__fontspec_emdef_int=\count324
\l__fontspec_strong_int=\count325
\l__fontspec_strongdef_int=\count326
\l__fontspec_tmpa_dim=\dimen268
\l__fontspec_tmpb_dim=\dimen269
\l__fontspec_tmpc_dim=\dimen270

(/usr/share/texlive/texmf-dist/tex/latex/base/fontenc.sty
Package: fontenc 2021/04/29 v2.0v Standard LaTeX package
)
(/usr/share/texlive/texmf-dist/tex/latex/fontspec/fontspec.cfg)))
(/usr/share/texlive/texmf-dist/tex/latex/base/fix-cm.sty
Package: fix-cm 2020/11/24 v1.1t fixes to LaTeX

(/usr/share/texlive/texmf-dist/tex/latex/base/ts1enc.def
File: ts1enc.def 2001/06/05 v3.0e (jk/car/fm) Standard LaTeX file
LaTeX Font Info:    Redeclaring font encoding TS1 on input line 47.
))
\g__um_fam_int=\count327
\g__um_fonts_used_int=\count328
\l__um_primecount_int=\count329
\g__um_primekern_muskip=\muskip18

(/usr/share/texlive/texmf-dist/tex/latex/unicode-math/unicode-math-table.tex)))
(/usr/share/texlive/texmf-dist/tex/latex/metalogo/metalogo.sty
Package: metalogo 2010/05/29 v0.12 Extended TeX logo macros
\xl@everylogo=\toks44
\xl@@everylogo=\toks45
LaTeX Info: Redefining \TeX on input line 193.
LaTeX Info: Redefining \LaTeX on input line 202.
LaTeX Info: Redefining \LaTeXe on input line 219.
)

Package fontspec Info: DejaVuSansMono scale = 0.788112595521966.


Package fontspec Info: DejaVuSansMono scale = 0.788112595521966.


Package fontspec Info: DejaVuSansMono-Bold scale = 0.788112595521966.


Package fontspec Info: DejaVuSansMono-Oblique scale = 0.788112595521966.


Package fontspec Info: DejaVuSansMono-BoldOblique scale = 0.788112595521966.


Package fontspec Info: Font family 'DejaVuSansMono.ttf(0)' created for font
(fontspec)             'DejaVuSansMono.ttf' with options
(fontspec)             [WordSpace={1,0,0},HyphenChar=None,PunctuationSpace=Word
Space,Scale=MatchLowercase,BoldFont
(fontspec)             = DejaVuSansMono-Bold.ttf,SlantedFont =
(fontspec)             DejaVuSansMono-Oblique.ttf,BoldSlantedFont =
(fontspec)             DejaVuSansMono-BoldOblique.ttf].
(fontspec)              
(fontspec)              This font family consists of the following NFSS
(fontspec)             series/shapes:
(fontspec)              
(fontspec)             - 'normal' (m/n) with NFSS spec.:
(fontspec)             <->s*[0.788112595521966]"[DejaVuSansMono.ttf]/OT:script=
latn;language=dflt;"
(fontspec)             - 'small caps'  (m/sc) with NFSS spec.: 
(fontspec)             and font adjustment code:
(fontspec)             \fontdimen 2\font =1\fontdimen 2\font \fontdimen 3\font
(fontspec)             =0\fontdimen 3\font \fontdimen 4\font =0\fontdimen
(fontspec)             4\font \fontdimen 7\font =0\fontdimen 2\font
(fontspec)             \tex_hyphenchar:D \font =-1\scan_stop: 
(fontspec)             - 'bold' (b/n) with NFSS spec.:
(fontspec)             <->s*[0.788112595521966]"[DejaVuSansMono-Bold.ttf]/OT:sc
ript=latn;language=dflt;"
(fontspec)             - 'bold small caps'  (b/sc) with NFSS spec.: 
(fontspec)             and font adjustment code:
(fontspec)             \fontdimen 2\font =1\fontdimen 2\font \fontdimen 3\font
(fontspec)             =0\fontdimen 3\font \fontdimen 4\font =0\fontdimen
(fontspec)             4\font \fontdimen 7\font =0\fontdimen 2\font
(fontspec)             \tex_hyphenchar:D \font =-1\scan_stop: 
(fontspec)             - 'slanted' (m/sl) with NFSS spec.:
(fontspec)             <->s*[0.788112595521966]"[DejaVuSansMono-Oblique.ttf]/OT
:script=latn;language=dflt;"
(fontspec)             - 'slanted small caps'  (m/scsl) with NFSS spec.: 
(fontspec)             and font adjustment code:
(fontspec)             \fontdimen 2\font =1\fontdimen 2\font \fontdimen 3\font
(fontspec)             =0\fontdimen 3\font \fontdimen 4\font =0\fontdimen
(fontspec)             4\font \fontdimen 7\font =0\fontdimen 2\font
(fontspec)             \tex_hyphenchar:D \font =-1\scan_stop: 
(fontspec)             - 'bold slanted' (b/sl) with NFSS spec.:
(fontspec)             <->s*[0.788112595521966]"[DejaVuSansMono-BoldOblique.ttf
]/OT:script=latn;language=dflt;"
(fontspec)             - 'bold slanted small caps'  (b/scsl) with NFSS spec.: 
(fontspec)             and font adjustment code:
(fontspec)             \fontdimen 2\font =1\fontdimen 2\font \fontdimen 3\font
(fontspec)             =0\fontdimen 3\font \fontdimen 4\font =0\fontdimen
(fontspec)             4\font \fontdimen 7\font =0\fontdimen 2\font
(fontspec)             \tex_hyphenchar:D \font =-1\scan_stop: 


Package fontspec Info: DejaVuSansMono scale = 0.788112595521966.


Package fontspec Info: DejaVuSansMono scale = 0.788112595521966.


Package fontspec Info: DejaVuSansMono-Bold scale = 0.788112595521966.


Package fontspec Info: DejaVuSansMono-Oblique scale = 0.788112595521966.


Package fontspec Info: DejaVuSansMono-BoldOblique scale = 0.788112595521966.


Package fontspec Info: Font family 'DejaVuSansMono.ttf(1)' created for font
(fontspec)             'DejaVuSansMono.ttf' with options
(fontspec)             [Scale=MatchLowercase,BoldFont =
(fontspec)             DejaVuSansMono-Bold.ttf,SlantedFont =
(fontspec)             DejaVuSansMono-Oblique.ttf,BoldSlantedFont =
(fontspec)             DejaVuSansMono-BoldOblique.ttf].
(fontspec)              
(fontspec)              This font family consists of the following NFSS
(fontspec)             series/shapes:
(fontspec)              
(fontspec)             - 'normal' (m/n) with NFSS spec.:
(fontspec)             <->s*[0.788112595521966]"[DejaVuSansMono.ttf]/OT:script=
latn;language=dflt;"
(fontspec)             - 'small caps'  (m/sc) with NFSS spec.: 
(fontspec)             - 'bold' (b/n) with NFSS spec.:
(fontspec)             <->s*[0.788112595521966]"[DejaVuSansMono-Bold.ttf]/OT:sc
ript=latn;language=dflt;"
(fontspec)             - 'bold small caps'  (b/sc) with NFSS spec.: 
(fontspec)             - 'slanted' (m/sl) with NFSS spec.:
(fontspec)             <->s*[0.788112595521966]"[DejaVuSansMono-Oblique.ttf]/OT
:script=latn;language=dflt;"
(fontspec)             - 'slanted small caps'  (m/scsl) with NFSS spec.: 
(fontspec)             - 'bold slanted' (b/sl) with NFSS spec.:
(fontspec)             <->s*[0.788112595521966]"[DejaVuSansMono-BoldOblique.ttf
]/OT:script=latn;language=dflt;"
(fontspec)             - 'bold slanted small caps'  (b/scsl) with NFSS spec.: 

LaTeX Font Info:    Overwriting math alphabet `\mathtt' in version `normal'
(Font)                  OT1/cmtt/m/n --> TU/DejaVuSansMono.ttf(1)/m/n on input 
line 840.
LaTeX Font Info:    Overwriting math alphabet `\mathtt' in version `bold'
(Font)                  OT1/cmtt/m/n --> TU/DejaVuSansMono.ttf(1)/bx/n on input
 line 840.

Package fontspec Info: Arimo-Regular scale = 0.8157907230688886.


Package fontspec Info: Arimo-Regular scale = 0.8157907230688886.


Package fontspec Info: Arimo-Bold scale = 0.8157907230688886.


Package fontspec Info: Arimo-Italic scale = 0.8157907230688886.


Package fontspec Info: Arimo-BoldItalic scale = 0.8157907230688886.


Package fontspec Info: Font family 'Arimo-Regular.ttf(0)' created for font
(fontspec)             'Arimo-Regular.ttf' with options
(fontspec)             [Ligatures=TeX,Scale=MatchLowercase,BoldFont =
(fontspec)             Arimo-Bold.ttf,ItalicFont =
(fontspec)             Arimo-Italic.ttf,BoldItalicFont =
(fontspec)             Arimo-BoldItalic.ttf].
(fontspec)              
(fontspec)              This font family consists of the following NFSS
(fontspec)             series/shapes:
(fontspec)              
(fontspec)             - 'normal' (m/n) with NFSS spec.:
(fontspec)             <->s*[0.8157907230688886]"[Arimo-Regular.ttf]/OT:script=
latn;language=dflt;mapping=tex-text;"
(fontspec)             - 'small caps'  (m/sc) with NFSS spec.: 
(fontspec)             - 'bold' (b/n) with NFSS spec.:
(fontspec)             <->s*[0.8157907230688886]"[Arimo-Bold.ttf]/OT:script=lat
n;language=dflt;mapping=tex-text;"
(fontspec)             - 'bold small caps'  (b/sc) with NFSS spec.: 
(fontspec)             - 'italic' (m/it) with NFSS spec.:
(fontspec)             <->s*[0.8157907230688886]"[Arimo-Italic.ttf]/OT:script=l
atn;language=dflt;mapping=tex-text;"
(fontspec)             - 'italic small caps'  (m/scit) with NFSS spec.: 
(fontspec)             - 'bold italic' (b/it) with NFSS spec.:
(fontspec)             <->s*[0.8157907230688886]"[Arimo-BoldItalic.ttf]/OT:scri
pt=latn;language=dflt;mapping=tex-text;"
(fontspec)             - 'bold italic small caps'  (b/scit) with NFSS spec.: 


Package fontspec Info: Arimo-Regular scale = 0.8157907230688886.


Package fontspec Info: Arimo-Regular scale = 0.8157907230688886.


Package fontspec Info: Arimo-Bold scale = 0.8157907230688886.


Package fontspec Info: Arimo-Italic scale = 0.8157907230688886.


Package fontspec Info: Arimo-BoldItalic scale = 0.8157907230688886.


Package fontspec Info: Font family 'Arimo-Regular.ttf(1)' created for font
(fontspec)             'Arimo-Regular.ttf' with options
(fontspec)             [Scale=MatchLowercase,BoldFont =
(fontspec)             Arimo-Bold.ttf,ItalicFont =
(fontspec)             Arimo-Italic.ttf,BoldItalicFont =
(fontspec)             Arimo-BoldItalic.ttf].
(fontspec)              
(fontspec)              This font family consists of the following NFSS
(fontspec)             series/shapes:
(fontspec)              
(fontspec)             - 'normal' (m/n) with NFSS spec.:
(fontspec)             <->s*[0.8157907230688886]"[Arimo-Regular.ttf]/OT:script=
latn;language=dflt;"
(fontspec)             - 'small caps'  (m/sc) with NFSS spec.: 
(fontspec)             - 'bold' (b/n) with NFSS spec.:
(fontspec)             <->s*[0.8157907230688886]"[Arimo-Bold.ttf]/OT:script=lat
n;language=dflt;"
(fontspec)             - 'bold small caps'  (b/sc) with NFSS spec.: 
(fontspec)             - 'italic' (m/it) with NFSS spec.:
(fontspec)             <->s*[0.8157907230688886]"[Arimo-Italic.ttf]/OT:script=l
atn;language=dflt;"
(fontspec)             - 'italic small caps'  (m/scit) with NFSS spec.: 
(fontspec)             - 'bold italic' (b/it) with NFSS spec.:
(fontspec)             <->s*[0.8157907230688886]"[Arimo-BoldItalic.ttf]/OT:scri
pt=latn;language=dflt;"
(fontspec)             - 'bold italic small caps'  (b/scit) with NFSS spec.: 

LaTeX Font Info:    Overwriting math alphabet `\mathsf' in version `normal'
(Font)                  OT1/cmss/m/n --> TU/Arimo-Regular.ttf(1)/m/n on input l
ine 840.
LaTeX Font Info:    Overwriting math alphabet `\mathsf' in version `bold'
(Font)                  OT1/cmss/bx/n --> TU/Arimo-Regular.ttf(1)/bx/n on input
 line 840.

Package fontspec Info: Font family 'LibertinusMath-Regular.otf(0)' created for
(fontspec)             font 'LibertinusMath-Regular.otf' with options
(fontspec)             [BoldItalicFont={},ItalicFont={},SmallCapsFont={},Script
=Math,AutoFakeBold].
(fontspec)              
(fontspec)              This font family consists of the following NFSS
(fontspec)             series/shapes:
(fontspec)              
(fontspec)             - 'normal' (m/n) with NFSS spec.:
(fontspec)             <->"[LibertinusMath-Regular.otf]/OT:script=math;language
=dflt;"
(fontspec)             - 'small caps'  (m/sc) with NFSS spec.: 
(fontspec)             - 'bold' (b/n) with NFSS spec.:
(fontspec)             <->"[LibertinusMath-Regular.otf]/OT:script=math;language
=dflt;embolden=1.5;"
(fontspec)             - 'bold small caps'  (b/sc) with NFSS spec.: 


Package fontspec Info: Font family 'LibertinusMath-Regular.otf(1)' created for
(fontspec)             font 'LibertinusMath-Regular.otf' with options
(fontspec)             [BoldItalicFont={},ItalicFont={},SmallCapsFont={},Script
=Math,SizeFeatures={{Size=9.855-},{Size=7.665-9.855,Font=LibertinusMath-Regular
.otf,Style=MathScript},{Size=-7.665,Font=LibertinusMath-Regular.otf,Style=MathS
criptScript}},AutoFakeBold].
(fontspec)              
(fontspec)              This font family consists of the following NFSS
(fontspec)             series/shapes:
(fontspec)              
(fontspec)             - 'normal' (m/n) with NFSS spec.:
(fontspec)             <9.855->"[LibertinusMath-Regular.otf]/OT:script=math;lan
guage=dflt;"<7.665-9.855>"[LibertinusMath-Regular.otf]/OT:script=math;language=
dflt;+ssty=0;"<-7.665>"[LibertinusMath-Regular.otf]/OT:script=math;language=dfl
t;+ssty=1;"
(fontspec)             - 'small caps'  (m/sc) with NFSS spec.: 
(fontspec)             - 'bold' (b/n) with NFSS spec.:
(fontspec)             <9.855->"[LibertinusMath-Regular.otf]/OT:script=math;lan
guage=dflt;embolden=1.5;"<7.665-9.855>"[LibertinusMath-Regular.otf]/OT:script=m
ath;language=dflt;embolden=1.5;+ssty=0;"<-7.665>"[LibertinusMath-Regular.otf]/O
T:script=math;language=dflt;embolden=1.5;+ssty=1;"
(fontspec)             - 'bold small caps'  (b/sc) with NFSS spec.: 

LaTeX Font Info:    Encoding `OT1' has changed to `TU' for symbol font
(Font)              `operators' in the math version `normal' on input line 840.

LaTeX Font Info:    Overwriting symbol font `operators' in version `normal'
(Font)                  OT1/cmr/m/n --> TU/LibertinusMath-Regular.otf(1)/m/n on
 input line 840.
LaTeX Font Info:    Encoding `OT1' has changed to `TU' for symbol font
(Font)              `operators' in the math version `bold' on input line 840.
LaTeX Font Info:    Overwriting symbol font `operators' in version `bold'
(Font)                  OT1/cmr/bx/n --> TU/LibertinusMath-Regular.otf(1)/b/n o
n input line 840.

Package fontspec Info: LibertinusMath-Regular scale = 1.0001.


Package fontspec Info: LibertinusMath-Regular scale = 1.0001.


Package fontspec Info: LibertinusMath-Regular scale = 1.0001.


Package fontspec Info: LibertinusMath-Regular scale = 1.0001.


Package fontspec Info: LibertinusMath-Regular scale = 1.0001.


Package fontspec Info: LibertinusMath-Regular scale = 1.0001.


Package fontspec Info: LibertinusMath-Regular scale = 1.0001.


Package fontspec Info: Font family 'LibertinusMath-Regular.otf(2)' created for
(fontspec)             font 'LibertinusMath-Regular.otf' with options
(fontspec)             [BoldItalicFont={},ItalicFont={},SmallCapsFont={},Script
=Math,SizeFeatures={{Size=9.855-},{Size=7.665-9.855,Font=LibertinusMath-Regular
.otf,Style=MathScript},{Size=-7.665,Font=LibertinusMath-Regular.otf,Style=MathS
criptScript}},AutoFakeBold,ScaleAgain=1.0001,FontAdjustment={\fontdimen
(fontspec)             8\font =6.351pt\relax \fontdimen 9\font =5.256pt\relax
(fontspec)             \fontdimen 10\font =5.1465pt\relax \fontdimen 11\font
(fontspec)             =7.665pt\relax \fontdimen 12\font =5.256pt\relax
(fontspec)             \fontdimen 13\font =4.10625pt\relax \fontdimen 14\font
(fontspec)             =4.10625pt\relax \fontdimen 15\font =3.3945pt\relax
(fontspec)             \fontdimen 16\font =2.2995pt\relax \fontdimen 17\font
(fontspec)             =2.2995pt\relax \fontdimen 18\font =2.5185pt\relax
(fontspec)             \fontdimen 19\font =0.49275pt\relax \fontdimen 22\font
(fontspec)             =2.847pt\relax \fontdimen 20\font =0pt\relax \fontdimen
(fontspec)             21\font =0pt\relax }].
(fontspec)              
(fontspec)              This font family consists of the following NFSS
(fontspec)             series/shapes:
(fontspec)              
(fontspec)             - 'normal' (m/n) with NFSS spec.:
(fontspec)             <9.855->s*[1.0001]"[LibertinusMath-Regular.otf]/OT:scrip
t=math;language=dflt;"<7.665-9.855>s*[1.0001]"[LibertinusMath-Regular.otf]/OT:s
cript=math;language=dflt;+ssty=0;"<-7.665>s*[1.0001]"[LibertinusMath-Regular.ot
f]/OT:script=math;language=dflt;+ssty=1;"
(fontspec)             - 'small caps'  (m/sc) with NFSS spec.: 
(fontspec)             and font adjustment code:
(fontspec)             \fontdimen 8\font =6.351pt\relax \fontdimen 9\font
(fontspec)             =5.256pt\relax \fontdimen 10\font =5.1465pt\relax
(fontspec)             \fontdimen 11\font =7.665pt\relax \fontdimen 12\font
(fontspec)             =5.256pt\relax \fontdimen 13\font =4.10625pt\relax
(fontspec)             \fontdimen 14\font =4.10625pt\relax \fontdimen 15\font
(fontspec)             =3.3945pt\relax \fontdimen 16\font =2.2995pt\relax
(fontspec)             \fontdimen 17\font =2.2995pt\relax \fontdimen 18\font
(fontspec)             =2.5185pt\relax \fontdimen 19\font =0.49275pt\relax
(fontspec)             \fontdimen 22\font =2.847pt\relax \fontdimen 20\font
(fontspec)             =0pt\relax \fontdimen 21\font =0pt\relax 
(fontspec)             - 'bold' (b/n) with NFSS spec.:
(fontspec)             <9.855->s*[1.0001]"[LibertinusMath-Regular.otf]/OT:scrip
t=math;language=dflt;embolden=1.5;"<7.665-9.855>s*[1.0001]"[LibertinusMath-Regu
lar.otf]/OT:script=math;language=dflt;embolden=1.5;+ssty=0;"<-7.665>s*[1.0001]"
[LibertinusMath-Regular.otf]/OT:script=math;language=dflt;embolden=1.5;+ssty=1;
"
(fontspec)             - 'bold small caps'  (b/sc) with NFSS spec.: 
(fontspec)             and font adjustment code:
(fontspec)             \fontdimen 8\font =6.351pt\relax \fontdimen 9\font
(fontspec)             =5.256pt\relax \fontdimen 10\font =5.1465pt\relax
(fontspec)             \fontdimen 11\font =7.665pt\relax \fontdimen 12\font
(fontspec)             =5.256pt\relax \fontdimen 13\font =4.10625pt\relax
(fontspec)             \fontdimen 14\font =4.10625pt\relax \fontdimen 15\font
(fontspec)             =3.3945pt\relax \fontdimen 16\font =2.2995pt\relax
(fontspec)             \fontdimen 17\font =2.2995pt\relax \fontdimen 18\font
(fontspec)             =2.5185pt\relax \fontdimen 19\font =0.49275pt\relax
(fontspec)             \fontdimen 22\font =2.847pt\relax \fontdimen 20\font
(fontspec)             =0pt\relax \fontdimen 21\font =0pt\relax 

LaTeX Font Info:    Encoding `OMS' has changed to `TU' for symbol font
(Font)              `symbols' in the math version `normal' on input line 840.
LaTeX Font Info:    Overwriting symbol font `symbols' in version `normal'
(Font)                  OMS/cmsy/m/n --> TU/LibertinusMath-Regular.otf(2)/m/n o
n input line 840.
LaTeX Font Info:    Encoding `OMS' has changed to `TU' for symbol font
(Font)              `symbols' in the math version `bold' on input line 840.
LaTeX Font Info:    Overwriting symbol font `symbols' in version `bold'
(Font)                  OMS/cmsy/b/n --> TU/LibertinusMath-Regular.otf(2)/b/n o
n input line 840.

Package fontspec Info: LibertinusMath-Regular scale = 0.9999.


Package fontspec Info: LibertinusMath-Regular scale = 0.9999.


Package fontspec Info: LibertinusMath-Regular scale = 0.9999.


Package fontspec Info: LibertinusMath-Regular scale = 0.9999.


Package fontspec Info: LibertinusMath-Regular scale = 0.9999.


Package fontspec Info: LibertinusMath-Regular scale = 0.9999.


Package fontspec Info: LibertinusMath-Regular scale = 0.9999.


Package fontspec Info: Font family 'LibertinusMath-Regular.otf(3)' created for
(fontspec)             font 'LibertinusMath-Regular.otf' with options
(fontspec)             [BoldItalicFont={},ItalicFont={},SmallCapsFont={},Script
=Math,SizeFeatures={{Size=9.855-},{Size=7.665-9.855,Font=LibertinusMath-Regular
.otf,Style=MathScript},{Size=-7.665,Font=LibertinusMath-Regular.otf,Style=MathS
criptScript}},AutoFakeBold,ScaleAgain=0.9999,FontAdjustment={\fontdimen
(fontspec)             8\font =0.71175pt\relax \fontdimen 9\font
(fontspec)             =1.6425pt\relax \fontdimen 10\font =1.6425pt\relax
(fontspec)             \fontdimen 11\font =2.7375pt\relax \fontdimen 12\font
(fontspec)             =6.789pt\relax \fontdimen 13\font =0pt\relax }].
(fontspec)              
(fontspec)              This font family consists of the following NFSS
(fontspec)             series/shapes:
(fontspec)              
(fontspec)             - 'normal' (m/n) with NFSS spec.:
(fontspec)             <9.855->s*[0.9999]"[LibertinusMath-Regular.otf]/OT:scrip
t=math;language=dflt;"<7.665-9.855>s*[0.9999]"[LibertinusMath-Regular.otf]/OT:s
cript=math;language=dflt;+ssty=0;"<-7.665>s*[0.9999]"[LibertinusMath-Regular.ot
f]/OT:script=math;language=dflt;+ssty=1;"
(fontspec)             - 'small caps'  (m/sc) with NFSS spec.: 
(fontspec)             and font adjustment code:
(fontspec)             \fontdimen 8\font =0.71175pt\relax \fontdimen 9\font
(fontspec)             =1.6425pt\relax \fontdimen 10\font =1.6425pt\relax
(fontspec)             \fontdimen 11\font =2.7375pt\relax \fontdimen 12\font
(fontspec)             =6.789pt\relax \fontdimen 13\font =0pt\relax 
(fontspec)             - 'bold' (b/n) with NFSS spec.:
(fontspec)             <9.855->s*[0.9999]"[LibertinusMath-Regular.otf]/OT:scrip
t=math;language=dflt;embolden=1.5;"<7.665-9.855>s*[0.9999]"[LibertinusMath-Regu
lar.otf]/OT:script=math;language=dflt;embolden=1.5;+ssty=0;"<-7.665>s*[0.9999]"
[LibertinusMath-Regular.otf]/OT:script=math;language=dflt;embolden=1.5;+ssty=1;
"
(fontspec)             - 'bold small caps'  (b/sc) with NFSS spec.: 
(fontspec)             and font adjustment code:
(fontspec)             \fontdimen 8\font =0.71175pt\relax \fontdimen 9\font
(fontspec)             =1.6425pt\relax \fontdimen 10\font =1.6425pt\relax
(fontspec)             \fontdimen 11\font =2.7375pt\relax \fontdimen 12\font
(fontspec)             =6.789pt\relax \fontdimen 13\font =0pt\relax 

LaTeX Font Info:    Encoding `OMX' has changed to `TU' for symbol font
(Font)              `largesymbols' in the math version `normal' on input line 8
40.
LaTeX Font Info:    Overwriting symbol font `largesymbols' in version `normal'
(Font)                  OMX/cmex/m/n --> TU/LibertinusMath-Regular.otf(3)/m/n o
n input line 840.
LaTeX Font Info:    Encoding `OMX' has changed to `TU' for symbol font
(Font)              `largesymbols' in the math version `bold' on input line 840
.
LaTeX Font Info:    Overwriting symbol font `largesymbols' in version `bold'
(Font)                  OMX/cmex/m/n --> TU/LibertinusMath-Regular.otf(3)/b/n o
n input line 840.

Package fontspec Info: Font family 'XITSMath-Regular.otf(0)' created for font
(fontspec)             'XITSMath-Regular.otf' with options
(fontspec)             [BoldItalicFont={},ItalicFont={},SmallCapsFont={},Script
=Math,SizeFeatures={{Size=9.855-},{Size=7.665-9.855,Font=XITSMath-Regular.otf,S
tyle=MathScript},{Size=-7.665,Font=XITSMath-Regular.otf,Style=MathScriptScript}
},StylisticSet={1}].
(fontspec)              
(fontspec)              This font family consists of the following NFSS
(fontspec)             series/shapes:
(fontspec)              
(fontspec)             - 'normal' (m/n) with NFSS spec.:
(fontspec)             <9.855->"[XITSMath-Regular.otf]/OT:script=math;language=
dflt;+ss01;"<7.665-9.855>"[XITSMath-Regular.otf]/OT:script=math;language=dflt;+
ss01;+ssty=0;"<-7.665>"[XITSMath-Regular.otf]/OT:script=math;language=dflt;+ss0
1;+ssty=1;"
(fontspec)             - 'small caps'  (m/sc) with NFSS spec.: 

\sym__um_fam1=\mathgroup6
LaTeX Font Info:    Overwriting symbol font `__um_fam1' in version `normal'
(Font)                  TU/XITSMath-Regular.otf(0)/m/n --> TU/XITSMath-Regular.
otf(0)/m/n on input line 840.
LaTeX Font Info:    Overwriting symbol font `__um_fam1' in version `bold'
(Font)                  TU/XITSMath-Regular.otf(0)/m/n --> TU/XITSMath-Regular.
otf(0)/b/n on input line 840.

Package fontspec Info: Font family 'XITSMath-Bold.otf(0)' created for font
(fontspec)             'XITSMath-Bold.otf' with options
(fontspec)             [BoldItalicFont={},ItalicFont={},SmallCapsFont={},Script
=Math,SizeFeatures={{Size=9.855-},{Size=7.665-9.855,Font=XITSMath-Bold.otf,Styl
e=MathScript},{Size=-7.665,Font=XITSMath-Bold.otf,Style=MathScriptScript}},Styl
isticSet={1}].
(fontspec)              
(fontspec)              This font family consists of the following NFSS
(fontspec)             series/shapes:
(fontspec)              
(fontspec)             - 'normal' (m/n) with NFSS spec.:
(fontspec)             <9.855->"[XITSMath-Bold.otf]/OT:script=math;language=dfl
t;+ss01;"<7.665-9.855>"[XITSMath-Bold.otf]/OT:script=math;language=dflt;+ss01;+
ssty=0;"<-7.665>"[XITSMath-Bold.otf]/OT:script=math;language=dflt;+ss01;+ssty=1
;"
(fontspec)             - 'small caps'  (m/sc) with NFSS spec.: 

\sym__um_fam2=\mathgroup7
LaTeX Font Info:    Overwriting symbol font `__um_fam2' in version `normal'
(Font)                  TU/XITSMath-Bold.otf(0)/m/n --> TU/XITSMath-Bold.otf(0)
/m/n on input line 840.
LaTeX Font Info:    Overwriting symbol font `__um_fam2' in version `bold'
(Font)                  TU/XITSMath-Bold.otf(0)/m/n --> TU/XITSMath-Bold.otf(0)
/b/n on input line 840.

Package fontspec Info: Font family 'LibertinusSerif-Regular.otf(0)' created
(fontspec)             for font 'LibertinusSerif-Regular.otf' with options
(fontspec)             [Ligatures=TeX,Ligatures={TeX,Common},PunctuationSpace=0
,Numbers={Proportional},BoldFont
(fontspec)             = LibertinusSerif-Semibold.otf,ItalicFont =
(fontspec)             LibertinusSerif-Italic.otf,BoldItalicFont =
(fontspec)             LibertinusSerif-SemiboldItalic.otf,BoldSlantedFont =
(fontspec)             LibertinusSerif-Semibold.otf,SlantedFont =
(fontspec)             LibertinusSerif-Regular.otf,SlantedFeatures =
(fontspec)             {FakeSlant=0.25},BoldSlantedFeatures =
(fontspec)             {FakeSlant=0.25},SmallCapsFeatures = {FakeSlant=0}].
(fontspec)              
(fontspec)              This font family consists of the following NFSS
(fontspec)             series/shapes:
(fontspec)              
(fontspec)             - 'normal' (m/n) with NFSS spec.:
(fontspec)             <->"[LibertinusSerif-Regular.otf]/OT:script=latn;languag
e=dflt;+liga;+pnum;mapping=tex-text;"
(fontspec)             - 'small caps'  (m/sc) with NFSS spec.:
(fontspec)             <->"[LibertinusSerif-Regular.otf]/OT:script=latn;languag
e=dflt;slant=0;+liga;+pnum;+smcp;mapping=tex-text;"
(fontspec)             and font adjustment code:
(fontspec)             \fontdimen 7\font =0\fontdimen 7\font 
(fontspec)             - 'bold' (b/n) with NFSS spec.:
(fontspec)             <->"[LibertinusSerif-Semibold.otf]/OT:script=latn;langua
ge=dflt;+liga;+pnum;mapping=tex-text;"
(fontspec)             - 'bold small caps'  (b/sc) with NFSS spec.:
(fontspec)             <->"[LibertinusSerif-Semibold.otf]/OT:script=latn;langua
ge=dflt;slant=0;+liga;+pnum;+smcp;mapping=tex-text;"
(fontspec)             and font adjustment code:
(fontspec)             \fontdimen 7\font =0\fontdimen 7\font 
(fontspec)             - 'italic' (m/it) with NFSS spec.:
(fontspec)             <->"[LibertinusSerif-Italic.otf]/OT:script=latn;language
=dflt;+liga;+pnum;mapping=tex-text;"
(fontspec)             - 'italic small caps'  (m/scit) with NFSS spec.:
(fontspec)             <->"[LibertinusSerif-Italic.otf]/OT:script=latn;language
=dflt;slant=0;+liga;+pnum;+smcp;mapping=tex-text;"
(fontspec)             and font adjustment code:
(fontspec)             \fontdimen 7\font =0\fontdimen 7\font 
(fontspec)             - 'slanted' (m/sl) with NFSS spec.:
(fontspec)             <->"[LibertinusSerif-Regular.otf]/OT:script=latn;languag
e=dflt;slant=0.25;+liga;+pnum;mapping=tex-text;"
(fontspec)             - 'slanted small caps'  (m/scsl) with NFSS spec.:
(fontspec)             <->"[LibertinusSerif-Regular.otf]/OT:script=latn;languag
e=dflt;slant=0.25;slant=0;+liga;+pnum;+smcp;mapping=tex-text;"
(fontspec)             and font adjustment code:
(fontspec)             \fontdimen 7\font =0\fontdimen 7\font 
(fontspec)             - 'bold italic' (b/it) with NFSS spec.:
(fontspec)             <->"[LibertinusSerif-SemiboldItalic.otf]/OT:script=latn;
language=dflt;+liga;+pnum;mapping=tex-text;"
(fontspec)             - 'bold italic small caps'  (b/scit) with NFSS spec.:
(fontspec)             <->"[LibertinusSerif-SemiboldItalic.otf]/OT:script=latn;
language=dflt;slant=0;+liga;+pnum;+smcp;mapping=tex-text;"
(fontspec)             and font adjustment code:
(fontspec)             \fontdimen 7\font =0\fontdimen 7\font 
(fontspec)             - 'bold slanted' (b/sl) with NFSS spec.:
(fontspec)             <->"[LibertinusSerif-Semibold.otf]/OT:script=latn;langua
ge=dflt;slant=0.25;+liga;+pnum;mapping=tex-text;"
(fontspec)             - 'bold slanted small caps'  (b/scsl) with NFSS spec.:
(fontspec)             <->"[LibertinusSerif-Semibold.otf]/OT:script=latn;langua
ge=dflt;slant=0.25;slant=0;+liga;+pnum;+smcp;mapping=tex-text;"
(fontspec)             and font adjustment code:
(fontspec)             \fontdimen 7\font =0\fontdimen 7\font 


Package fontspec Info: Font family 'LibertinusSerif-Regular.otf(1)' created
(fontspec)             for font 'LibertinusSerif-Regular.otf' with options
(fontspec)             [Ligatures={TeX,Common},PunctuationSpace=0,Numbers={Prop
ortional},BoldFont
(fontspec)             = LibertinusSerif-Semibold.otf,ItalicFont =
(fontspec)             LibertinusSerif-Italic.otf,BoldItalicFont =
(fontspec)             LibertinusSerif-SemiboldItalic.otf,BoldSlantedFont =
(fontspec)             LibertinusSerif-Semibold.otf,SlantedFont =
(fontspec)             LibertinusSerif-Regular.otf,SlantedFeatures =
(fontspec)             {FakeSlant=0.25},BoldSlantedFeatures =
(fontspec)             {FakeSlant=0.25},SmallCapsFeatures = {FakeSlant=0}].
(fontspec)              
(fontspec)              This font family consists of the following NFSS
(fontspec)             series/shapes:
(fontspec)              
(fontspec)             - 'normal' (m/n) with NFSS spec.:
(fontspec)             <->"[LibertinusSerif-Regular.otf]/OT:script=latn;languag
e=dflt;+liga;+pnum;mapping=tex-text;"
(fontspec)             - 'small caps'  (m/sc) with NFSS spec.:
(fontspec)             <->"[LibertinusSerif-Regular.otf]/OT:script=latn;languag
e=dflt;slant=0;+liga;+pnum;+smcp;mapping=tex-text;"
(fontspec)             and font adjustment code:
(fontspec)             \fontdimen 7\font =0\fontdimen 7\font 
(fontspec)             - 'bold' (b/n) with NFSS spec.:
(fontspec)             <->"[LibertinusSerif-Semibold.otf]/OT:script=latn;langua
ge=dflt;+liga;+pnum;mapping=tex-text;"
(fontspec)             - 'bold small caps'  (b/sc) with NFSS spec.:
(fontspec)             <->"[LibertinusSerif-Semibold.otf]/OT:script=latn;langua
ge=dflt;slant=0;+liga;+pnum;+smcp;mapping=tex-text;"
(fontspec)             and font adjustment code:
(fontspec)             \fontdimen 7\font =0\fontdimen 7\font 
(fontspec)             - 'italic' (m/it) with NFSS spec.:
(fontspec)             <->"[LibertinusSerif-Italic.otf]/OT:script=latn;language
=dflt;+liga;+pnum;mapping=tex-text;"
(fontspec)             - 'italic small caps'  (m/scit) with NFSS spec.:
(fontspec)             <->"[LibertinusSerif-Italic.otf]/OT:script=latn;language
=dflt;slant=0;+liga;+pnum;+smcp;mapping=tex-text;"
(fontspec)             and font adjustment code:
(fontspec)             \fontdimen 7\font =0\fontdimen 7\font 
(fontspec)             - 'slanted' (m/sl) with NFSS spec.:
(fontspec)             <->"[LibertinusSerif-Regular.otf]/OT:script=latn;languag
e=dflt;slant=0.25;+liga;+pnum;mapping=tex-text;"
(fontspec)             - 'slanted small caps'  (m/scsl) with NFSS spec.:
(fontspec)             <->"[LibertinusSerif-Regular.otf]/OT:script=latn;languag
e=dflt;slant=0.25;slant=0;+liga;+pnum;+smcp;mapping=tex-text;"
(fontspec)             and font adjustment code:
(fontspec)             \fontdimen 7\font =0\fontdimen 7\font 
(fontspec)             - 'bold italic' (b/it) with NFSS spec.:
(fontspec)             <->"[LibertinusSerif-SemiboldItalic.otf]/OT:script=latn;
language=dflt;+liga;+pnum;mapping=tex-text;"
(fontspec)             - 'bold italic small caps'  (b/scit) with NFSS spec.:
(fontspec)             <->"[LibertinusSerif-SemiboldItalic.otf]/OT:script=latn;
language=dflt;slant=0;+liga;+pnum;+smcp;mapping=tex-text;"
(fontspec)             and font adjustment code:
(fontspec)             \fontdimen 7\font =0\fontdimen 7\font 
(fontspec)             - 'bold slanted' (b/sl) with NFSS spec.:
(fontspec)             <->"[LibertinusSerif-Semibold.otf]/OT:script=latn;langua
ge=dflt;slant=0.25;+liga;+pnum;mapping=tex-text;"
(fontspec)             - 'bold slanted small caps'  (b/scsl) with NFSS spec.:
(fontspec)             <->"[LibertinusSerif-Semibold.otf]/OT:script=latn;langua
ge=dflt;slant=0.25;slant=0;+liga;+pnum;+smcp;mapping=tex-text;"
(fontspec)             and font adjustment code:
(fontspec)             \fontdimen 7\font =0\fontdimen 7\font 

LaTeX Font Info:    Overwriting math alphabet `\mathrm' in version `normal'
(Font)                  TU/LibertinusMath-Regular.otf(1)/m/n --> TU/LibertinusS
erif-Regular.otf(1)/m/n on input line 840.
LaTeX Font Info:    Overwriting math alphabet `\mathit' in version `normal'
(Font)                  OT1/cmr/m/it --> TU/LibertinusSerif-Regular.otf(1)/m/it
 on input line 840.
LaTeX Font Info:    Overwriting math alphabet `\mathbf' in version `normal'
(Font)                  OT1/cmr/bx/n --> TU/LibertinusSerif-Regular.otf(1)/b/n 
on input line 840.

(/usr/share/texlive/texmf-dist/tex/latex/microtype/microtype.sty
Package: microtype 2022/06/23 v3.0f Micro-typographical refinements (RS)
\MT@toks=\toks46
\MT@tempbox=\box67
\MT@count=\count330
LaTeX Info: Redefining \noprotrusionifhmode on input line 1045.
LaTeX Info: Redefining \leftprotrusion on input line 1046.
LaTeX Info: Redefining \rightprotrusion on input line 1056.
LaTeX Info: Redefining \textls on input line 1234.
\MT@outer@kern=\dimen271
LaTeX Info: Redefining \textmicrotypecontext on input line 1858.
\MT@listname@count=\count331

(/usr/share/texlive/texmf-dist/tex/latex/microtype/microtype-xetex.def
File: microtype-xetex.def 2022/06/23 v3.0f Definitions specific to xetex (RS)
LaTeX Info: Redefining \lsstyle on input line 236.
)
Package microtype Info: Loading configuration file microtype.cfg.

(/usr/share/texlive/texmf-dist/tex/latex/microtype/microtype.cfg
File: microtype.cfg 2022/06/23 v3.0f microtype main configuration file (RS)
))
Package scrkbase Info: You've told me to redefine the font selection of the
(scrkbase)             element `sectioning' that is an alias of element
(scrkbase)             `disposition' on input line 842.

(/usr/share/texlive/texmf-dist/tex/xelatex/langsci/langsci-series.def)
(/usr/share/texlive/texmf-dist/tex/latex/pst-barcode/pst-barcode.sty
(/usr/share/texlive/texmf-dist/tex/latex/pstricks/pstricks.sty
Package: pstricks 2022/19/23 v0.72 LaTeX wrapper for `PSTricks' (RN,HV)

(/usr/share/texlive/texmf-dist/tex/generic/xkeyval/pst-xkey.tex
File: pst-xkey.tex 2005/11/25 v1.6 PSTricks specialization of xkeyval (HA)

(/usr/share/texlive/texmf-dist/tex/latex/xkeyval/xkeyval.sty
Package: xkeyval 2022/06/16 v2.9 package option processing (HA)

(/usr/share/texlive/texmf-dist/tex/generic/xkeyval/xkeyval.tex
(/usr/share/texlive/texmf-dist/tex/generic/xkeyval/xkvutils.tex
\XKV@toks=\toks47
\XKV@tempa@toks=\toks48
)
\XKV@depth=\count332
File: xkeyval.tex 2014/12/03 v2.7a key=value parser (HA)
)))
(/usr/share/texlive/texmf-dist/tex/generic/pstricks/pstricks.tex
(/usr/share/texlive/texmf-dist/tex/generic/pstricks/pst-fp.tex
`pst-fp' v0.06, 2020/11/20 (hv)
\pstFP@xs=\count333
\pstFP@xia=\count334
\pstFP@xib=\count335
\pstFP@xfa=\count336
\pstFP@xfb=\count337
\pstFP@rega=\count338
\pstFP@regb=\count339
\pstFP@regs=\count340
\pstFP@times=\count341
)
\psLoopIndex=\count342

`PSTricks' v3.18  <2022/11/28> (tvz,hv)
\pst@dima=\dimen272
\pst@dimb=\dimen273
\pst@dimc=\dimen274
\pst@dimd=\dimen275
\pst@dimg=\dimen276
\pst@dimh=\dimen277
\pst@dimm=\dimen278
\pst@dimn=\dimen279
\pst@dimo=\dimen280
\pst@dimp=\dimen281
\pst@hbox=\box68
\pst@ibox=\box69
\pst@boxg=\box70
\pst@cnta=\count343
\pst@cntb=\count344
\pst@cntc=\count345
\pst@cntd=\count346
\pst@cntg=\count347
\pst@cnth=\count348
\pst@cntm=\count349
\pst@cntn=\count350
\pst@cnto=\count351
\pst@cntp=\count352
\@zero=\count353
\pst@toks=\toks49
--- We are running latex or xelatex ---
(/usr/share/texlive/texmf-dist/tex/xelatex/xetex-pstricks/pstricks.con
(/usr/share/texlive/texmf-dist/tex/generic/pstricks/config/xdvipdfmx.cfg))
(/usr/share/texlive/texmf-dist/tex/generic/pstricks/pstricks-color.tex)
\psunit=\dimen282
\psxunit=\dimen283
\psyunit=\dimen284
\pst@C@@rType=\count354
\pslinewidth=\dimen285
\psk@startLW=\dimen286
\psk@endLW=\dimen287

(/usr/share/texlive/texmf-dist/tex/generic/pstricks/pstricks-arrows.tex
\pshooklength=\dimen288
\pshookwidth=\dimen289
)
\pst@customdefs=\toks50

(/usr/share/texlive/texmf-dist/tex/generic/pstricks/pstricks-dots.tex)
\pslinearc=\dimen290
\pst@symbolStep=\dimen291
\pst@symbolWidth=\dimen292
\pst@symbolLinewidth=\dimen293
\everypsbox=\toks51
\psframesep=\dimen294
\pslabelsep=\dimen295
\sh@wgridXunit=\dimen296
\sh@wgridYunit=\dimen297
\pst@shift=\dimen298
\ps@imagectr=\count355

(/usr/share/texlive/texmf-dist/tex/xelatex/xetex-pstricks/pstricks.con
(/usr/share/texlive/texmf-dist/tex/generic/pstricks/config/xdvipdfmx.cfg
Using PSTricks configuration for LaTeX+dvipdfmx
)))
File: pstricks.tex 2022/11/28 v3.18 `PSTricks' (tvz,hv)
 (/usr/share/texlive/texmf-dist/tex/generic/pstricks/pst-fp.tex
`pst-fp' v0.06, 2020/11/20 (hv))
File: pst-fp.tex 2020/11/20 v0.06 `PST-fp' (hv)

>>> Loading XeTeX special macros
(/usr/share/texlive/texmf-dist/tex/generic/pstricks/pstricks-xetex.def))
Package: pst-barcode 2022/08/23 package wrapper for pst-barcode.tex (hv)

(/usr/share/texlive/texmf-dist/tex/generic/pst-barcode/pst-barcode.tex
`PST-barcode' v0.19, 2022/08/21 (tb,hv)
(/usr/share/texlive/texmf-dist/tex/latex/marginnote/marginnote.sty
Package: marginnote 2018/08/09 v1.4b non floating margin notes for LaTeX
\c@mn@abspage=\count356
)
\QR@box=\box71
)
File: pst-barcode.tex 2022/08/21 v0.19 `PST-barcode' (hv)
)
\pgf@layerbox@lspcls_bg=\box72
\pgf@layerboxsaved@lspcls_bg=\box73
\langsci_wheel_loop_count_int=\count357
\langsci_wheel_output_difference_int=\count358

(/usr/share/texlive/texmf-dist/tex/latex/datetime/datetime.sty
Package: datetime 2015/03/20 v2.60 Date Time Package

(/usr/share/texlive/texmf-dist/tex/latex/fmtcount/fmtcount.sty
Invalid UTF-8 byte or sequence at line 10 replaced by U+FFFD.
Invalid UTF-8 byte or sequence at line 22 replaced by U+FFFD.
Package: fmtcount 2020/01/30 v3.07

(/usr/share/texlive/texmf-dist/tex/latex/base/ifthen.sty
Package: ifthen 2022/04/13 v1.1d Standard LaTeX ifthen package (DPC)
)
(/usr/share/texlive/texmf-dist/tex/latex/fmtcount/fcprefix.sty
Invalid UTF-8 byte or sequence at line 10 replaced by U+FFFD.
Invalid UTF-8 byte or sequence at line 22 replaced by U+FFFD.
Package: fcprefix 2012/09/28

(/usr/share/texlive/texmf-dist/tex/latex/fmtcount/fcnumparser.sty
Invalid UTF-8 byte or sequence at line 10 replaced by U+FFFD.
Invalid UTF-8 byte or sequence at line 22 replaced by U+FFFD.
Package: fcnumparser 2017/06/15
\fc@digit@counter=\count359
))
\c@padzeroesN=\count360
\fc@tmpcatcode=\count361
\@DT@modctr=\count362
\@ordinalctr=\count363
\@orgargctr=\count364
\@strctr=\count365
\@tmpstrctr=\count366
\@DT@loopN=\count367
\@DT@X=\count368
)
(/usr/share/texlive/texmf-dist/tex/latex/datetime/datetime-defaults.sty
Package: datetime-defaults 2013/09/10
)
\@day=\count369
\@month=\count370
\@year=\count371
\c@HOUR=\count372
\c@HOURXII=\count373
\c@MINUTE=\count374
\c@TOHOUR=\count375
\c@TOMINUTE=\count376
\c@SECOND=\count377
\currenthour=\count378
\currentminute=\count379
\currentsecond=\count380
Package datetime Info: No datetime.cfg file found, using default settings on in
put line 308.
\@dtctr=\count381
\dayofyear=\count382
\dayofweek=\count383
LaTeX Info: Redefining \today on input line 736.
\dt@a=\toks52
\dt@b=\toks53
)
(/usr/share/texlive/texmf-dist/tex/latex/koma-script/scrlayer-scrpage.sty
Package: scrlayer-scrpage 2022/10/12 v3.38 KOMA-Script package (end user interf
ace for scrlayer)

(/usr/share/texlive/texmf-dist/tex/latex/koma-script/scrlayer.sty
Package: scrlayer 2022/10/12 v3.38 KOMA-Script package (defining layers and pag
e styles)
Package scrlayer Info: patching LaTeX kernel macro \pagestyle on input line 217
6.
)
Package scrlayer-scrpage Info: Makeing stand-alone element `pagehead' from
(scrlayer-scrpage)             alias to `pageheadfoot' on input line 1089.
)
\scr@dte@appendixsection@maxnumwidth=\skip77
Class scrbook Info: using compatibility default `runin=bysign'
(scrbook)           for `\appendixsection on input line 1421.
Class scrbook Info: using compatibility default `afterindent=bysign'
(scrbook)           for `\appendixsection on input line 1421.
\c@appendixsection=\count384
\scr@dte@appendixsubsection@maxnumwidth=\skip78
Class scrbook Info: using compatibility default `runin=bysign'
(scrbook)           for `\appendixsubsection on input line 1443.
Class scrbook Info: using compatibility default `afterindent=bysign'
(scrbook)           for `\appendixsubsection on input line 1443.
\c@appendixsubsection=\count385

(/usr/share/texlive/texmf-dist/tex/latex/epigraph/epigraph.sty
Package: epigraph 2020/01/02 v1.5e typesetting epigraphs

(/usr/share/texlive/texmf-dist/tex/latex/nextpage/nextpage.sty
Package: nextpage 2009/09/03 v1.1a additional page commands
)
\beforeepigraphskip=\skip79
\afterepigraphskip=\skip80
\epigraphwidth=\skip81
\epigraphrule=\skip82
)
\normalparindent=\skip83

(/usr/share/texlive/texmf-dist/tex/generic/babel/babel.sty
Package: babel 2022/12/26 3.84 The Babel package
\babel@savecnt=\count386
\U@D=\dimen299
\l@unhyphenated=\language46

(/usr/share/texlive/texmf-dist/tex/generic/babel/xebabel.def)
\bbl@readstream=\read3
\bbl@dirlevel=\count387

(/usr/share/texlive/texmf-dist/tex/generic/babel-english/english.ldf
Language: english 2017/06/06 v3.3r English support from the babel system
Package babel Info: Hyphen rules for 'canadian' set to \l@english
(babel)             (\language0). Reported on input line 102.
Package babel Info: Hyphen rules for 'australian' set to \l@ukenglish
(babel)             (\language17). Reported on input line 105.
Package babel Info: Hyphen rules for 'newzealand' set to \l@ukenglish
(babel)             (\language17). Reported on input line 108.
))
(/usr/share/texlive/texmf-dist/tex/generic/babel/locale/en/babel-english.tex
Package babel Info: Importing font and identification data for english
(babel)             from babel-en.ini. Reported on input line 11.
)
(/usr/share/texlive/texmf-dist/tex/latex/biblatex/biblatex.sty
Package: biblatex 2022/07/12 v3.18b programmable bibliographies (PK/MW)

(/usr/share/texlive/texmf-dist/tex/generic/pdftexcmds/pdftexcmds.sty
Package: pdftexcmds 2020-06-27 v0.33 Utility functions of pdfTeX for LuaTeX (HO
)

(/usr/share/texlive/texmf-dist/tex/generic/infwarerr/infwarerr.sty
Package: infwarerr 2019/12/03 v1.5 Providing info/warning/error messages (HO)
)
Package pdftexcmds Info: \pdf@primitive is available.
Package pdftexcmds Info: \pdf@ifprimitive is available.
Package pdftexcmds Info: \pdfdraftmode not found.
)
(/usr/share/texlive/texmf-dist/tex/latex/logreq/logreq.sty
Package: logreq 2010/08/04 v1.0 xml request logger
\lrq@indent=\count388

(/usr/share/texlive/texmf-dist/tex/latex/logreq/logreq.def
File: logreq.def 2010/08/04 v1.0 logreq spec v1.0
))
\c@tabx@nest=\count389
\c@listtotal=\count390
\c@listcount=\count391
\c@liststart=\count392
\c@liststop=\count393
\c@citecount=\count394
\c@citetotal=\count395
\c@multicitecount=\count396
\c@multicitetotal=\count397
\c@instcount=\count398
\c@maxnames=\count399
\c@minnames=\count400
\c@maxitems=\count401
\c@minitems=\count402
\c@citecounter=\count403
\c@maxcitecounter=\count404
\c@savedcitecounter=\count405
\c@uniquelist=\count406
\c@uniquename=\count407
\c@refsection=\count408
\c@refsegment=\count409
\c@maxextratitle=\count410
\c@maxextratitleyear=\count411
\c@maxextraname=\count412
\c@maxextradate=\count413
\c@maxextraalpha=\count414
\c@abbrvpenalty=\count415
\c@highnamepenalty=\count416
\c@lownamepenalty=\count417
\c@maxparens=\count418
\c@parenlevel=\count419
\blx@tempcnta=\count420
\blx@tempcntb=\count421
\blx@tempcntc=\count422
\c@blx@maxsection=\count423
\blx@maxsegment@0=\count424
\blx@notetype=\count425
\blx@parenlevel@text=\count426
\blx@parenlevel@foot=\count427
\blx@sectionciteorder@0=\count428
\blx@sectionciteorderinternal@0=\count429
\blx@entrysetcounter=\count430
\blx@biblioinstance=\count431
\labelnumberwidth=\skip84
\labelalphawidth=\skip85
\biblabelsep=\skip86
\bibitemsep=\skip87
\bibnamesep=\skip88
\bibinitsep=\skip89
\bibparsep=\skip90
\bibhang=\skip91
\blx@bcfin=\read4
\blx@bcfout=\write4
\blx@langwohyphens=\language47
\c@mincomprange=\count432
\c@maxcomprange=\count433
\c@mincompwidth=\count434
Package biblatex Info: Trying to load biblatex default data model...
Package biblatex Info: ... file 'blx-dm.def' found.

(/usr/share/texlive/texmf-dist/tex/latex/biblatex/blx-dm.def
File: blx-dm.def 2022/07/12 v3.18b biblatex localization (PK/MW)
)
Package biblatex Info: Trying to load biblatex style data model...
Package biblatex Info: ... file 'langsci-unified.dbx' found.

(/usr/share/texlive/texmf-dist/tex/xelatex/langsci/langsci-unified.dbx)
Package biblatex Info: Trying to load biblatex custom data model...
Package biblatex Info: ... file 'biblatex-dm.cfg' not found.
\c@afterword=\count435
\c@savedafterword=\count436
\c@annotator=\count437
\c@savedannotator=\count438
\c@author=\count439
\c@savedauthor=\count440
\c@bookauthor=\count441
\c@savedbookauthor=\count442
\c@commentator=\count443
\c@savedcommentator=\count444
\c@editor=\count445
\c@savededitor=\count446
\c@editora=\count447
\c@savededitora=\count448
\c@editorb=\count449
\c@savededitorb=\count450
\c@editorc=\count451
\c@savededitorc=\count452
\c@foreword=\count453
\c@savedforeword=\count454
\c@holder=\count455
\c@savedholder=\count456
\c@introduction=\count457
\c@savedintroduction=\count458
\c@namea=\count459
\c@savednamea=\count460
\c@nameb=\count461
\c@savednameb=\count462
\c@namec=\count463
\c@savednamec=\count464
\c@translator=\count465
\c@savedtranslator=\count466
\c@shortauthor=\count467
\c@savedshortauthor=\count468
\c@shorteditor=\count469
\c@savedshorteditor=\count470
\c@indexauthor=\count471
\c@savedindexauthor=\count472
\c@indexeditor =\count473
\c@savedindexeditor =\count474
\c@labelname=\count475
\c@savedlabelname=\count476
\c@institution=\count477
\c@savedinstitution=\count478
\c@lista=\count479
\c@savedlista=\count480
\c@listb=\count481
\c@savedlistb=\count482
\c@listc=\count483
\c@savedlistc=\count484
\c@listd=\count485
\c@savedlistd=\count486
\c@liste=\count487
\c@savedliste=\count488
\c@listf=\count489
\c@savedlistf=\count490
\c@location=\count491
\c@savedlocation=\count492
\c@organization=\count493
\c@savedorganization=\count494
\c@origlocation=\count495
\c@savedoriglocation=\count496
\c@origpublisher=\count497
\c@savedorigpublisher=\count498
\c@publisher=\count499
\c@savedpublisher=\count500
\c@language=\count501
\c@savedlanguage=\count502
\c@origlanguage=\count503
\c@savedoriglanguage=\count504
\c@pageref=\count505
\c@savedpageref=\count506
\shorthandwidth=\skip92
\shortjournalwidth=\skip93
\shortserieswidth=\skip94
\shorttitlewidth=\skip95
\shortauthorwidth=\skip96
\shorteditorwidth=\skip97
\locallabelnumberwidth=\skip98
\locallabelalphawidth=\skip99
\localshorthandwidth=\skip100
\localshortjournalwidth=\skip101
\localshortserieswidth=\skip102
\localshorttitlewidth=\skip103
\localshortauthorwidth=\skip104
\localshorteditorwidth=\skip105
Package biblatex Info: Trying to load enhanced support for Unicode engines...
Package biblatex Info: ... file 'blx-unicode.def' found.

(/usr/share/texlive/texmf-dist/tex/latex/biblatex/blx-unicode.def)
Package biblatex Info: Trying to load compatibility code...
Package biblatex Info: ... file 'blx-compat.def' found.

(/usr/share/texlive/texmf-dist/tex/latex/biblatex/blx-compat.def
File: blx-compat.def 2022/07/12 v3.18b biblatex compatibility (PK/MW)
)
Package biblatex Info: Trying to load generic definitions...
Package biblatex Info: ... file 'biblatex.def' found.

(/usr/share/texlive/texmf-dist/tex/latex/biblatex/biblatex.def
File: biblatex.def 2022/07/12 v3.18b biblatex compatibility (PK/MW)
\c@textcitecount=\count507
\c@textcitetotal=\count508
\c@textcitemaxnames=\count509
\c@biburlbigbreakpenalty=\count510
\c@biburlbreakpenalty=\count511
\c@biburlnumpenalty=\count512
\c@biburlucpenalty=\count513
\c@biburllcpenalty=\count514
\biburlbigskip=\muskip19
\biburlnumskip=\muskip20
\biburlucskip=\muskip21
\biburllcskip=\muskip22
\c@smartand=\count515
)
Package biblatex Info: Trying to load natbib compatibility...
Package biblatex Info: ... file 'blx-natbib.def' found.

(/usr/share/texlive/texmf-dist/tex/latex/biblatex/blx-natbib.def
File: blx-natbib.def 2022/07/12 v3.18b biblatex compatibility (PK/MW)
Package biblatex Info: Delimiter 'nameyeardelim' in context '' already defined,
 overwriting.
)
Package biblatex Info: Trying to load bibliography style 'langsci-unified'...
Package biblatex Info: ... file 'langsci-unified.bbx' found.

(/usr/share/texlive/texmf-dist/tex/xelatex/langsci/langsci-unified.bbx
File: langsci-unified.bbx 
Package biblatex Info: Trying to load bibliography style 'authoryear'...
Package biblatex Info: ... file 'authoryear.bbx' found.

(/usr/share/texlive/texmf-dist/tex/latex/biblatex/bbx/authoryear.bbx
File: authoryear.bbx 2022/07/12 v3.18b biblatex bibliography style (PK/MW)
Package biblatex Info: Trying to load bibliography style 'standard'...
Package biblatex Info: ... file 'standard.bbx' found.

(/usr/share/texlive/texmf-dist/tex/latex/biblatex/bbx/standard.bbx
File: standard.bbx 2022/07/12 v3.18b biblatex bibliography style (PK/MW)
\c@bbx:relatedcount=\count516
\c@bbx:relatedtotal=\count517
)))
Package biblatex Info: Trying to load citation style 'langsci-unified'...
Package biblatex Info: ... file 'langsci-unified.cbx' found.

(/usr/share/texlive/texmf-dist/tex/xelatex/langsci/langsci-unified.cbx
File: langsci-unified.cbx 
Package biblatex Info: Redefining '\cite'.
Package biblatex Info: Redefining '\parencite'.
Package biblatex Info: Redefining '\footcite'.
Package biblatex Info: Redefining '\footcitetext'.
Package biblatex Info: Redefining '\smartcite'.
Package biblatex Info: Redefining '\textcite'.
Package biblatex Info: Redefining '\cites'.
Package biblatex Info: Redefining '\parencites'.
Package biblatex Info: Redefining '\footcites'.
Package biblatex Info: Redefining '\footcitetexts'.
Package biblatex Info: Redefining '\smartcites'.
Package biblatex Info: Redefining '\textcites'.
Package biblatex Info: Redefining '\citeauthor'.
Package biblatex Info: Redefining '\citeyear'.
Package biblatex Info: Redefining '\citeyearpar'.
)
Package biblatex Info: Trying to load configuration file...
Package biblatex Info: ... file 'biblatex.cfg' found.

(/usr/share/texlive/texmf-dist/tex/latex/biblatex/biblatex.cfg
File: biblatex.cfg 
)
Package biblatex Info: XeTeX detected.
(biblatex)             Assuming input encoding 'utf8'.
Package biblatex Info: Document encoding is UTF8 ....
Package biblatex Info: ... and expl3
(biblatex)             2023-01-16 L3 programming layer (loader) 
(biblatex)             is new enough (at least 2020/04/06),
(biblatex)             setting 'casechanger=expl3'.

(/usr/share/texlive/texmf-dist/tex/latex/biblatex/blx-case-expl3.sty
Package: blx-case-expl3 2022/07/12 v3.18b expl3 case changing code for biblatex

))
(/usr/share/texlive/texmf-dist/tex/latex/floatrow/floatrow.sty
Package: floatrow 2008/08/02 v0.3b floatrow: float package extension

(/usr/share/texlive/texmf-dist/tex/latex/caption/caption3.sty
Package: caption3 2022/03/17 v2.3b caption3 kernel (AR)
\caption@tempdima=\dimen300
\captionmargin=\dimen301
\caption@leftmargin=\dimen302
\caption@rightmargin=\dimen303
\caption@width=\dimen304
\caption@indent=\dimen305
\caption@parindent=\dimen306
\caption@hangindent=\dimen307
Package caption Info: KOMA-Script document class detected.

(/usr/share/texlive/texmf-dist/tex/latex/caption/caption-koma.sto
File: caption-koma.sto 2020/09/21 v2.0b Adaption of the caption package to the 
KOMA-Script document classes (AR)
))
\c@float@type=\count518
\float@exts=\toks54
\float@box=\box74
\@floatcapt=\box75
Package floatrow Info: Modified float package code loaded on input line 455.
Package floatrow Info: Modified rotfloat package code loaded on input line 473.

\FR@everyfloat=\toks55
\flrow@foot=\insert252
\FB@wd=\dimen308
\FBo@wd=\dimen309
\FBc@wd=\dimen310
\FBo@ht=\skip106
\FBc@ht=\skip107
\FBf@ht=\skip108
\FBo@max=\skip109
\FBc@max=\skip110
\FBf@max=\skip111
\c@FBl@b=\count519
\floatbox@depth=\count520
\c@FRobj=\count521
\c@FRsobj=\count522
\Xhsize=\skip112
\sXhsize=\skip113
\Zhsize=\skip114
\sZhsize=\skip115
\flrow@rowbox=\box76
\FR@Zunitlength=\dimen311
\c@FBcnt=\count523
\FPOScnt=\count524
\LTleft=\skip116
\LTright=\skip117
\LTleft=\skip118
\LTright=\skip119
\flrow@types=\toks56
)
(/usr/share/texlive/texmf-dist/tex/latex/graphics/rotating.sty
Package: rotating 2016/08/11 v2.16d rotated objects in LaTeX
\c@r@tfl@t=\count525
\rotFPtop=\skip120
\rotFPbot=\skip121
\rot@float@box=\box77
\rot@mess@toks=\toks57
)
(/usr/share/texlive/texmf-dist/tex/latex/booktabs/booktabs.sty
Package: booktabs 2020/01/12 v1.61803398 Publication quality tables
\heavyrulewidth=\dimen312
\lightrulewidth=\dimen313
\cmidrulewidth=\dimen314
\belowrulesep=\dimen315
\belowbottomsep=\dimen316
\aboverulesep=\dimen317
\abovetopsep=\dimen318
\cmidrulesep=\dimen319
\cmidrulekern=\dimen320
\defaultaddspace=\dimen321
\@cmidla=\count526
\@cmidlb=\count527
\@aboverulesep=\dimen322
\@belowrulesep=\dimen323
\@thisruleclass=\count528
\@lastruleclass=\count529
\@thisrulewidth=\dimen324
)
(/usr/share/texlive/texmf-dist/tex/latex/setspace/setspace.sty
Package: setspace 2022/12/04 v6.7b set line spacing
)
(/usr/share/texlive/texmf-dist/tex/latex/caption/caption.sty
Package: caption 2022/03/01 v3.6b Customizing captions (AR)
\c@caption@flags=\count530
\c@continuedfloat=\count531
Package caption Info: float package is loaded.
Package caption Info: floatrow package is loaded.
Package caption Info: rotating package is loaded.
)
(/usr/share/texlive/texmf-dist/tex/latex/index/index.sty
Package: index 2004/01/20 v4.2beta Improved index support (dmj)
\@indexbox=\insert251
\indexproofstyle=\toks58
)
\idxtitle@default=\toks59
\tf@default=\write5
\openout5 = `02.idx'.

Package index Info: Writing index file 02.idx on input line 1697.
\idxtitle@lan=\toks60
\tf@lan=\write6
\openout6 = `02.ldx'.

Package index Info: Writing index file 02.ldx on input line 1698.
\idxtitle@sbj=\toks61
\tf@sbj=\write7
\openout7 = `02.sdx'.

Package index Info: Writing index file 02.sdx on input line 1699.
\openout5 = `02.adx'.

Package index Info: Writing index file 02.adx on input line 1700.

(/usr/share/texlive/texmf-dist/tex/latex/authorindex/authorindex.sty
Package: authorindex 2005/03/22 make index of authors cited in a work
)
(/usr/share/texlive/texmf-dist/tex/latex/hyperref/hyperref.sty
Package: hyperref 2022-11-13 v7.00u Hypertext links for LaTeX

(/usr/share/texlive/texmf-dist/tex/generic/kvdefinekeys/kvdefinekeys.sty
Package: kvdefinekeys 2019-12-19 v1.6 Define keys (HO)
)
(/usr/share/texlive/texmf-dist/tex/generic/pdfescape/pdfescape.sty
Package: pdfescape 2019/12/09 v1.15 Implements pdfTeX's escape features (HO)
)
(/usr/share/texlive/texmf-dist/tex/latex/hycolor/hycolor.sty
Package: hycolor 2020-01-27 v1.10 Color options for hyperref/bookmark (HO)
)
(/usr/share/texlive/texmf-dist/tex/latex/letltxmacro/letltxmacro.sty
Package: letltxmacro 2019/12/03 v1.6 Let assignment for LaTeX macros (HO)
)
(/usr/share/texlive/texmf-dist/tex/latex/auxhook/auxhook.sty
Package: auxhook 2019-12-17 v1.6 Hooks for auxiliary files (HO)
)
(/usr/share/texlive/texmf-dist/tex/latex/hyperref/nameref.sty
Package: nameref 2022-05-17 v2.50 Cross-referencing by name of section

(/usr/share/texlive/texmf-dist/tex/latex/refcount/refcount.sty
Package: refcount 2019/12/15 v3.6 Data extraction from label references (HO)
)
(/usr/share/texlive/texmf-dist/tex/generic/gettitlestring/gettitlestring.sty
Package: gettitlestring 2019/12/15 v1.6 Cleanup title references (HO)
)
\c@section@level=\count532
)
\@linkdim=\dimen325
\Hy@linkcounter=\count533
\Hy@pagecounter=\count534

(/usr/share/texlive/texmf-dist/tex/latex/hyperref/pd1enc.def
File: pd1enc.def 2022-11-13 v7.00u Hyperref: PDFDocEncoding definition (HO)
)
(/usr/share/texlive/texmf-dist/tex/generic/intcalc/intcalc.sty
Package: intcalc 2019/12/15 v1.3 Expandable calculations with integers (HO)
)
(/usr/share/texlive/texmf-dist/tex/generic/etexcmds/etexcmds.sty
Package: etexcmds 2019/12/15 v1.7 Avoid name clashes with e-TeX commands (HO)
)
\Hy@SavedSpaceFactor=\count535

(/usr/share/texlive/texmf-dist/tex/latex/hyperref/puenc.def
File: puenc.def 2022-11-13 v7.00u Hyperref: PDF Unicode definition (HO)
)
Package hyperref Info: Option `colorlinks' set `true' on input line 4045.
Package hyperref Info: Option `bookmarks' set `true' on input line 4045.
Package hyperref Info: Option `bookmarksopen' set `true' on input line 4045.
Package hyperref Info: Option `bookmarksnumbered' set `true' on input line 4045
.
Package hyperref Info: Option `hyperindex' set `true' on input line 4045.
Package hyperref Info: Option `breaklinks' set `true' on input line 4045.
Package hyperref Info: Option `draft' set `false' on input line 4045.
Package hyperref Info: Option `plainpages' set `false' on input line 4045.
Package hyperref Info: Option `pdfusetitle' set `true' on input line 4045.
Package hyperref Info: Option `hyperfootnotes' set `false' on input line 4045.
Package hyperref Info: Hyper figures OFF on input line 4162.
Package hyperref Info: Link nesting OFF on input line 4167.
Package hyperref Info: Hyper index ON on input line 4170.
Package hyperref Info: Plain pages OFF on input line 4177.
Package hyperref Info: Backreferencing OFF on input line 4182.
Package hyperref Info: Implicit mode ON; LaTeX internals redefined.
Package hyperref Info: Bookmarks ON on input line 4410.
\c@Hy@tempcnt=\count536
LaTeX Info: Redefining \url on input line 4748.
\XeTeXLinkMargin=\dimen326

(/usr/share/texlive/texmf-dist/tex/generic/bitset/bitset.sty
Package: bitset 2019/12/09 v1.3 Handle bit-vector datatype (HO)

(/usr/share/texlive/texmf-dist/tex/generic/bigintcalc/bigintcalc.sty
Package: bigintcalc 2019/12/15 v1.5 Expandable calculations on big integers (HO
)
))
\Fld@menulength=\count537
\Field@Width=\dimen327
\Fld@charsize=\dimen328
Package hyperref Info: Hyper figures OFF on input line 6027.
Package hyperref Info: Link nesting OFF on input line 6032.
Package hyperref Info: Hyper index ON on input line 6035.
Package hyperref Info: backreferencing OFF on input line 6042.
Package hyperref Info: Link coloring ON on input line 6045.
Package hyperref Info: Link coloring with OCG OFF on input line 6052.
Package hyperref Info: PDF/A mode OFF on input line 6057.

(/usr/share/texlive/texmf-dist/tex/latex/base/atbegshi-ltx.sty
Package: atbegshi-ltx 2021/01/10 v1.0c Emulation of the original atbegshi
package with kernel methods
)
\Hy@abspage=\count538
\c@Item=\count539
)
Package hyperref Info: Driver (autodetected): hxetex.

(/usr/share/texlive/texmf-dist/tex/latex/hyperref/hxetex.def
File: hxetex.def 2022-11-13 v7.00u Hyperref driver for XeTeX

(/usr/share/texlive/texmf-dist/tex/generic/stringenc/stringenc.sty
Package: stringenc 2019/11/29 v1.12 Convert strings between diff. encodings (HO
)
)
\pdfm@box=\box78
\c@Hy@AnnotLevel=\count540
\HyField@AnnotCount=\count541
\Fld@listcount=\count542
\c@bookmark@seq@number=\count543

(/usr/share/texlive/texmf-dist/tex/latex/rerunfilecheck/rerunfilecheck.sty
Package: rerunfilecheck 2022-07-10 v1.10 Rerun checks for auxiliary files (HO)

(/usr/share/texlive/texmf-dist/tex/latex/base/atveryend-ltx.sty
Package: atveryend-ltx 2020/08/19 v1.0a Emulation of the original atveryend pac
kage
with kernel methods
)
(/usr/share/texlive/texmf-dist/tex/generic/uniquecounter/uniquecounter.sty
Package: uniquecounter 2019/12/15 v1.4 Provide unlimited unique counter (HO)
)
Package uniquecounter Info: New unique counter `rerunfilecheck' on input line 2
85.
)
\Hy@SectionHShift=\skip122
)
Package hyperref Info: Option `unicode' set `true' on input line 1827.

(/usr/share/texlive/texmf-dist/tex/latex/bookmark/bookmark.sty
Package: bookmark 2020-11-06 v1.29 PDF bookmarks (HO)

(/usr/share/texlive/texmf-dist/tex/latex/bookmark/bkm-dvipdfm.def
File: bkm-dvipdfm.def 2020-11-06 v1.29 bookmark driver for dvipdfm (HO)
\BKM@id=\count544
))
(/usr/share/texlive/texmf-dist/tex/latex/chngcntr/chngcntr.sty
Package: chngcntr 2018/04/09 v1.1a change counter resetting
Package chngcntr Info: \counterwithout already defined.
(chngcntr)             Quitting chngcntr on input line 21.
)
\LSPTmp=\skip123
\lsSaveValueTopSkip=\skip124
)
(../localpackages.tex
(/usr/share/texlive/texmf-dist/tex/latex/tools/tabularx.sty
Package: tabularx 2020/01/15 v2.11c `tabularx' package (DPC)

(/usr/share/texlive/texmf-dist/tex/latex/tools/array.sty
Package: array 2022/09/04 v2.5g Tabular extension package (FMi)
\col@sep=\dimen329
\ar@mcellbox=\box79
\extrarowheight=\dimen330
\NC@list=\toks62
\extratabsurround=\skip125
\backup@length=\skip126
\ar@cellbox=\box80
)
\TX@col@width=\dimen331
\TX@old@table=\dimen332
\TX@old@col=\dimen333
\TX@target=\dimen334
\TX@delta=\dimen335
\TX@cols=\count545
\TX@ftn=\toks63
)
(/usr/share/texlive/texmf-dist/tex/latex/tools/multicol.sty
Package: multicol 2021/11/30 v1.9d multicolumn formatting (FMi)
\c@tracingmulticols=\count546
\mult@box=\box81
\multicol@leftmargin=\dimen336
\c@unbalance=\count547
\c@collectmore=\count548
\doublecol@number=\count549
\multicoltolerance=\count550
\multicolpretolerance=\count551
\full@width=\dimen337
\page@free=\dimen338
\premulticols=\dimen339
\postmulticols=\dimen340
\multicolsep=\skip127
\multicolbaselineskip=\skip128
\partial@page=\box82
\last@line=\box83
\maxbalancingoverflow=\dimen341
\mult@rightbox=\box84
\mult@grightbox=\box85
\mult@firstbox=\box86
\mult@gfirstbox=\box87
\@tempa=\box88
\@tempa=\box89
\@tempa=\box90
\@tempa=\box91
\@tempa=\box92
\@tempa=\box93
\@tempa=\box94
\@tempa=\box95
\@tempa=\box96
\@tempa=\box97
\@tempa=\box98
\@tempa=\box99
\@tempa=\box100
\@tempa=\box101
\@tempa=\box102
\@tempa=\box103
\@tempa=\box104
\@tempa=\box105
\@tempa=\box106
\@tempa=\box107
\@tempa=\box108
\@tempa=\box109
\@tempa=\box110
\@tempa=\box111
\@tempa=\box112
\@tempa=\box113
\@tempa=\box114
\@tempa=\box115
\@tempa=\box116
\@tempa=\box117
\@tempa=\box118
\@tempa=\box119
\@tempa=\box120
\@tempa=\box121
\@tempa=\box122
\@tempa=\box123
\c@minrows=\count552
\c@columnbadness=\count553
\c@finalcolumnbadness=\count554
\last@try=\dimen342
\multicolovershoot=\dimen343
\multicolundershoot=\dimen344
\mult@nat@firstbox=\box124
\colbreak@box=\box125
\mc@col@check@num=\count555
)
(/usr/share/texlive/texmf-dist/tex/xelatex/langsci/langsci-optional.sty
(/usr/share/texlive/texmf-dist/tex/latex/pbox/pbox.sty
Package: pbox 2011/12/07 v1.2 Dynamic parboxes
\pb@xlen=\skip129
)
(/usr/share/texlive/texmf-dist/tex/latex/fancyvrb/fancyvrb.sty
Package: fancyvrb 2023/01/19 4.5a verbatim text (tvz,hv)
\FV@CodeLineNo=\count556
\FV@InFile=\read5
\FV@TabBox=\box126
\c@FancyVerbLine=\count557
\FV@StepNumber=\count558
\FV@OutFile=\write8
)
\rotheight=\skip130
\rotwidth=\skip131

(/usr/share/texlive/texmf-dist/tex/generic/ulem/ulem.sty
\UL@box=\box127
\UL@hyphenbox=\box128
\UL@skip=\skip132
\UL@hook=\toks64
\UL@height=\dimen345
\UL@pe=\count559
\UL@pixel=\dimen346
\ULC@box=\box129
Package: ulem 2019/11/18
\ULdepth=\dimen347
)
\fulllength=\skip133
\fullllength=\skip134

(/usr/share/texlive/texmf-dist/tex/latex/colortbl/colortbl.sty
Package: colortbl 2022/06/20 v1.0f Color table columns (DPC)
\everycr=\toks65
\minrowclearance=\skip135
\rownum=\count560
)
(/usr/share/texlive/texmf-dist/tex/latex/todonotes/todonotes.sty
Package: todonotes 2021/06/04 v1.1.5 Todonotes source and documentation.
Package: todonotes 2021/06/04
\c@@todonotes@numberoftodonotes=\count561
)
(/usr/share/texlive/texmf-dist/tex/generic/pgf/frontendlayer/tikz/libraries/tik
zlibraryarrows.code.tex
File: tikzlibraryarrows.code.tex 2023-01-15 v3.1.10 (3.1.10)

(/usr/share/texlive/texmf-dist/tex/generic/pgf/libraries/pgflibraryarrows.code.
tex
File: pgflibraryarrows.code.tex 2023-01-15 v3.1.10 (3.1.10)
\arrowsize=\dimen348
))
(/usr/share/texlive/texmf-dist/tex/generic/pgf/libraries/pgflibraryarrows.meta.
code.tex
File: pgflibraryarrows.meta.code.tex 2023-01-15 v3.1.10 (3.1.10)
\pgfarrowinset=\dimen349
\pgfarrowlength=\dimen350
\pgfarrowwidth=\dimen351
\pgfarrowlinewidth=\dimen352
)
\c@lsConnectTempGroup=\count562
 (/usr/share/texlive/texmf-dist/tex/latex/psnfss/pifont.sty
Package: pifont 2020/03/25 PSNFSS-v9.3 Pi font support (SPQR) 
LaTeX Font Info:    Trying to load font information for U+pzd on input line 63.


(/usr/share/texlive/texmf-dist/tex/latex/psnfss/upzd.fd
File: upzd.fd 2001/06/04 font definitions for U/pzd.
)
LaTeX Font Info:    Trying to load font information for U+psy on input line 64.


(/usr/share/texlive/texmf-dist/tex/latex/psnfss/upsy.fd
File: upsy.fd 2001/06/04 font definitions for U/psy.
))

! LaTeX Error: Command \it undefined.

See the LaTeX manual or LaTeX Companion for explanation.
Type  H <return>  for immediate help.
 ...                                              
                                                  
l.362 \renewcommand{\it}
                        {\itshape}
? 

! LaTeX Error: Command \bf undefined.

See the LaTeX manual or LaTeX Companion for explanation.
Type  H <return>  for immediate help.
 ...                                              
                                                  
l.363 \renewcommand{\bf}
                        {\bfseries}
? 

! LaTeX Error: Command \sc undefined.

See the LaTeX manual or LaTeX Companion for explanation.
Type  H <return>  for immediate help.
 ...                                              
                                                  
l.364 \renewcommand{\sc}
                        {\scshape}
? 

! LaTeX Error: Command \rm undefined.

See the LaTeX manual or LaTeX Companion for explanation.
Type  H <return>  for immediate help.
 ...                                              
                                                  
l.365 \renewcommand{\rm}
                        {\upshape}
? 
) (/usr/share/texlive/texmf-dist/tex/xelatex/langsci/langsci-lgr.sty)
(/usr/share/texlive/texmf-dist/tex/xelatex/langsci/langsci-gb4e.sty
Package: langsci-gb4e 2020/01/01
\c@fnx=\count563
\@xnumdepth=\count564
\c@xnumi=\count565
\c@xnumii=\count566
\c@xnumiii=\count567
\c@xnumiv=\count568
\c@rxnumi=\count569
\c@rxnumii=\count570
\c@rxnumiii=\count571
\c@rxnumiv=\count572
\footexindent=\skip136
\gltoffset=\skip137
\lineone=\box130
\linetwo=\box131
\linethree=\box132
\linefour=\box133
\linefive=\box134
\linesix=\box135
\lineseven=\box136
\lineeight=\box137
\wordone=\box138
\wordtwo=\box139
\wordthree=\box140
\wordfour=\box141
\wordfive=\box142
\wordsix=\box143
\wordseven=\box144
\wordeight=\box145
\gline=\box146
\glossglue=\skip138
\jamwidth=\dimen353
)
(/usr/share/texlive/texmf-dist/tex/latex/tools/longtable.sty
Package: longtable 2021-09-01 v4.17 Multi-page Table package (DPC)
\LTleft=\skip139
\LTright=\skip140
\LTpre=\skip141
\LTpost=\skip142
\LTchunksize=\count573
\LTcapwidth=\dimen354
\LT@head=\box147
\LT@firsthead=\box148
\LT@foot=\box149
\LT@lastfoot=\box150
\LT@gbox=\box151
\LT@cols=\count574
\LT@rows=\count575
\c@LT@tables=\count576
\c@LT@chunks=\count577
\LT@p@ftn=\toks66
)
Class scrbook Info: longtable captions redefined on input line 12.
)
(../localcommands.tex) (../localhyphenation.tex)
\@quotelevel=\count578
\@quotereset=\count579


LaTeX Warning: Unused global option(s):
    [citecolor=brown, toc=bib,  index].

(./02.aux)
\openout1 = `02.aux'.

LaTeX Font Info:    Checking defaults for OML/cmm/m/it on input line 16.
LaTeX Font Info:    ... okay on input line 16.
LaTeX Font Info:    Checking defaults for OMS/cmsy/m/n on input line 16.
LaTeX Font Info:    ... okay on input line 16.
LaTeX Font Info:    Checking defaults for OT1/cmr/m/n on input line 16.
LaTeX Font Info:    ... okay on input line 16.
LaTeX Font Info:    Checking defaults for T1/cmr/m/n on input line 16.
LaTeX Font Info:    ... okay on input line 16.
LaTeX Font Info:    Checking defaults for TS1/cmr/m/n on input line 16.
LaTeX Font Info:    ... okay on input line 16.
LaTeX Font Info:    Checking defaults for TU/lmr/m/n on input line 16.
LaTeX Font Info:    ... okay on input line 16.
LaTeX Font Info:    Checking defaults for OMX/cmex/m/n on input line 16.
LaTeX Font Info:    ... okay on input line 16.
LaTeX Font Info:    Checking defaults for U/cmr/m/n on input line 16.
LaTeX Font Info:    ... okay on input line 16.
LaTeX Font Info:    Checking defaults for PD1/pdf/m/n on input line 16.
LaTeX Font Info:    ... okay on input line 16.
LaTeX Font Info:    Checking defaults for PU/pdf/m/n on input line 16.
LaTeX Font Info:    ... okay on input line 16.
Package scrbase Info: activating english \partname on input line 16.
Package scrbase Info: activating english \chaptername on input line 16.
Package scrbase Info: activating english \appendixname on input line 16.
Package scrbase Info: activating english \figurename on input line 16.
Package scrbase Info: activating english \tablename on input line 16.
Package scrbase Info: activating english \contentsname on input line 16.
Package scrbase Info: activating english \listfigurename on input line 16.
Package scrbase Info: activating english \listtablename on input line 16.
Package scrbase Info: activating english \bibname on input line 16.
Package scrbase Info: activating english \indexname on input line 16.

*geometry* driver: auto-detecting
*geometry* detected driver: xetex
*geometry* verbose mode - [ preamble ] result:
* driver: xetex
* paper: custom
* layout: <same size as paper>
* layoutoffset:(h,v)=(0.0pt,0.0pt)
* modes: twoside 
* h-part:(L,W,R)=(58.32814pt, 355.65945pt, 69.70924pt)
* v-part:(T,H,B)=(77.96053pt, 522.96085pt, 81.94476pt)
* \paperwidth=483.69684pt
* \paperheight=682.86613pt
* \textwidth=355.65945pt
* \textheight=522.96085pt
* \oddsidemargin=-13.94185pt
* \evensidemargin=-2.56075pt
* \topmargin=-31.70947pt
* \headheight=17.0pt
* \headsep=20.40001pt
* \topskip=11.0pt plus 6.875pt minus 10.44997pt
* \footskip=47.6pt
* \marginparwidth=50.0pt
* \marginparsep=12.8401pt
* \columnsep=10.0pt
* \skip\footins=10.0pt plus 4.0pt minus 2.0pt
* \hoffset=0.0pt
* \voffset=0.0pt
* \mag=1000
* \@twocolumnfalse
* \@twosidetrue
* \@mparswitchtrue
* \@reversemarginfalse
* (1in=72.27pt=25.4mm, 1cm=28.453pt)

LaTeX Info: Redefining \microtypecontext on input line 16.
Package microtype Info: Applying patch `item' on input line 16.
Package microtype Info: Applying patch `toc' on input line 16.
Package microtype Info: Applying patch `eqnum' on input line 16.
Package microtype Info: Applying patch `footnote' on input line 16.
Package microtype Info: Character protrusion enabled (level 2).
Package microtype Info: Using default protrusion set `alltext'.
Package microtype Info: No adjustment of tracking.
Package microtype Info: No adjustment of spacing.
Package microtype Info: No adjustment of kerning.
Package microtype Info: Loading generic protrusion settings for font family
(microtype)             `LibertinusSerif-Regular.otf' (encoding: TU).
(microtype)             For optimal results, create family-specific settings.
(microtype)             See the microtype manual for details.
Package biblatex Info: Trying to load language 'english'...
Package biblatex Info: ... file 'english.lbx' found.
(/usr/share/texlive/texmf-dist/tex/latex/biblatex/lbx/english.lbx
File: english.lbx 2022/07/12 v3.18b biblatex localization (PK/MW)
)
Package biblatex Info: XeTeX detected.
(biblatex)             Assuming input encoding 'utf8'.
Package biblatex Info: Automatic encoding selection.
(biblatex)             Assuming data encoding 'utf8'.
\openout4 = `02.bcf'.

Package biblatex Info: Trying to load bibliographic data...
Package biblatex Info: ... file '02.bbl' not found.

No file 02.bbl.
Package biblatex Info: Reference section=0 on input line 16.
Package biblatex Info: Reference segment=0 on input line 16.
Package caption Info: Begin \AtBeginDocument code.
Package caption Info: hyperref package is loaded.
Package caption Info: longtable package is loaded.
(/usr/share/texlive/texmf-dist/tex/latex/caption/ltcaption.sty
Package: ltcaption 2021/01/08 v1.4c longtable captions (AR)
)
Package caption Info: Fixing longtable code of `floatrow' package.
Package caption Info: End \AtBeginDocument code.

(/usr/share/texlive/texmf-dist/tex/latex/floatrow/fr-longtable.sty
Package: fr-longtable 2007/11/28 v0.1b (beta) floatrow: additions for longtable

\flrow@LT@lasthead=\box152
\flrow@LT@prelastfoot=\box153
\c@FBLTpage=\count580
)
Package hyperref Info: Link coloring ON on input line 16.

chapter 23.
(/usr/share/texlive/texmf-dist/tex/generic/stringenc/se-ascii-print.def
File: se-ascii-print.def 2019/11/29 v1.12 stringenc: Printable ASCII characters

)
Package microtype Info: Loading generic protrusion settings for font family
(microtype)             `LibertinusMath-Regular.otf' (encoding: TU).
(microtype)             For optimal results, create family-specific settings.
(microtype)             See the microtype manual for details.
LaTeX Font Info:    Font shape `TU/LibertinusMath-Regular.otf(2)/m/n' will be
(Font)              scaled to size 14.40152pt on input line 17.
LaTeX Font Info:    Font shape `TU/LibertinusMath-Regular.otf(2)/m/n' will be
(Font)              scaled to size 10.00107pt on input line 17.
LaTeX Font Info:    Font shape `TU/LibertinusMath-Regular.otf(2)/m/n' will be
(Font)              scaled to size 7.00075pt on input line 17.
LaTeX Font Info:    Font shape `TU/LibertinusMath-Regular.otf(3)/m/n' will be
(Font)              scaled to size 14.39845pt on input line 17.
LaTeX Font Info:    Font shape `TU/LibertinusMath-Regular.otf(3)/m/n' will be
(Font)              scaled to size 9.99893pt on input line 17.
LaTeX Font Info:    Font shape `TU/LibertinusMath-Regular.otf(3)/m/n' will be
(Font)              scaled to size 6.99925pt on input line 17.
LaTeX Font Info:    Trying to load font information for U+msa on input line 17.


(/usr/share/texlive/texmf-dist/tex/latex/amsfonts/umsa.fd
File: umsa.fd 2013/01/14 v3.01 AMS symbols A
)
(/usr/share/texlive/texmf-dist/tex/latex/microtype/mt-msa.cfg
File: mt-msa.cfg 2006/02/04 v1.1 microtype config. file: AMS symbols (a) (RS)
)
LaTeX Font Info:    Trying to load font information for U+msb on input line 17.


(/usr/share/texlive/texmf-dist/tex/latex/amsfonts/umsb.fd
File: umsb.fd 2013/01/14 v3.01 AMS symbols B
)
(/usr/share/texlive/texmf-dist/tex/latex/microtype/mt-msb.cfg
File: mt-msb.cfg 2005/06/01 v1.0 microtype config. file: AMS symbols (b) (RS)
)
Package microtype Info: Loading generic protrusion settings for font family
(microtype)             `XITSMath-Regular.otf' (encoding: TU).
(microtype)             For optimal results, create family-specific settings.
(microtype)             See the microtype manual for details.
Package microtype Info: Loading generic protrusion settings for font family
(microtype)             `XITSMath-Bold.otf' (encoding: TU).
(microtype)             For optimal results, create family-specific settings.
(microtype)             See the microtype manual for details.
LaTeX Font Info:    Font shape `TU/LibertinusMath-Regular.otf(2)/m/n' will be
(Font)              scaled to size 10.95116pt on input line 17.
LaTeX Font Info:    Font shape `TU/LibertinusMath-Regular.otf(2)/m/n' will be
(Font)              scaled to size 8.76093pt on input line 17.
LaTeX Font Info:    Font shape `TU/LibertinusMath-Regular.otf(2)/m/n' will be
(Font)              scaled to size 6.5707pt on input line 17.
LaTeX Font Info:    Font shape `TU/LibertinusMath-Regular.otf(3)/m/n' will be
(Font)              scaled to size 10.94882pt on input line 17.
LaTeX Font Info:    Font shape `TU/LibertinusMath-Regular.otf(3)/m/n' will be
(Font)              scaled to size 8.75905pt on input line 17.
LaTeX Font Info:    Font shape `TU/LibertinusMath-Regular.otf(3)/m/n' will be
(Font)              scaled to size 6.5693pt on input line 17.

Package fontspec Info: Font family 'LibertinusSerif-Regular.otf(2)' created
(fontspec)             for font 'LibertinusSerif-Regular.otf' with options
(fontspec)             [Ligatures=TeX,Ligatures={TeX,Common},PunctuationSpace=0
,Numbers={Proportional},BoldFont
(fontspec)             = LibertinusSerif-Semibold.otf,ItalicFont =
(fontspec)             LibertinusSerif-Italic.otf,BoldItalicFont =
(fontspec)             LibertinusSerif-SemiboldItalic.otf,BoldSlantedFont =
(fontspec)             LibertinusSerif-Semibold.otf,SlantedFont =
(fontspec)             LibertinusSerif-Regular.otf,SlantedFeatures =
(fontspec)             {FakeSlant=0.25},BoldSlantedFeatures =
(fontspec)             {FakeSlant=0.25},SmallCapsFeatures =
(fontspec)             {FakeSlant=0},Numbers={Monospaced,Lining}].
(fontspec)              
(fontspec)              This font family consists of the following NFSS
(fontspec)             series/shapes:
(fontspec)              
(fontspec)             - 'normal' (m/n) with NFSS spec.:
(fontspec)             <->"[LibertinusSerif-Regular.otf]/OT:script=latn;languag
e=dflt;+liga;+tnum;+lnum;mapping=tex-text;"
(fontspec)             - 'small caps'  (m/sc) with NFSS spec.:
(fontspec)             <->"[LibertinusSerif-Regular.otf]/OT:script=latn;languag
e=dflt;slant=0;+liga;+tnum;+lnum;+smcp;mapping=tex-text;"
(fontspec)             and font adjustment code:
(fontspec)             \fontdimen 7\font =0\fontdimen 7\font 
(fontspec)             - 'bold' (b/n) with NFSS spec.:
(fontspec)             <->"[LibertinusSerif-Semibold.otf]/OT:script=latn;langua
ge=dflt;+liga;+tnum;+lnum;mapping=tex-text;"
(fontspec)             - 'bold small caps'  (b/sc) with NFSS spec.:
(fontspec)             <->"[LibertinusSerif-Semibold.otf]/OT:script=latn;langua
ge=dflt;slant=0;+liga;+tnum;+lnum;+smcp;mapping=tex-text;"
(fontspec)             and font adjustment code:
(fontspec)             \fontdimen 7\font =0\fontdimen 7\font 
(fontspec)             - 'italic' (m/it) with NFSS spec.:
(fontspec)             <->"[LibertinusSerif-Italic.otf]/OT:script=latn;language
=dflt;+liga;+tnum;+lnum;mapping=tex-text;"
(fontspec)             - 'italic small caps'  (m/scit) with NFSS spec.:
(fontspec)             <->"[LibertinusSerif-Italic.otf]/OT:script=latn;language
=dflt;slant=0;+liga;+tnum;+lnum;+smcp;mapping=tex-text;"
(fontspec)             and font adjustment code:
(fontspec)             \fontdimen 7\font =0\fontdimen 7\font 
(fontspec)             - 'slanted' (m/sl) with NFSS spec.:
(fontspec)             <->"[LibertinusSerif-Regular.otf]/OT:script=latn;languag
e=dflt;slant=0.25;+liga;+tnum;+lnum;mapping=tex-text;"
(fontspec)             - 'slanted small caps'  (m/scsl) with NFSS spec.:
(fontspec)             <->"[LibertinusSerif-Regular.otf]/OT:script=latn;languag
e=dflt;slant=0.25;slant=0;+liga;+tnum;+lnum;+smcp;mapping=tex-text;"
(fontspec)             and font adjustment code:
(fontspec)             \fontdimen 7\font =0\fontdimen 7\font 
(fontspec)             - 'bold italic' (b/it) with NFSS spec.:
(fontspec)             <->"[LibertinusSerif-SemiboldItalic.otf]/OT:script=latn;
language=dflt;+liga;+tnum;+lnum;mapping=tex-text;"
(fontspec)             - 'bold italic small caps'  (b/scit) with NFSS spec.:
(fontspec)             <->"[LibertinusSerif-SemiboldItalic.otf]/OT:script=latn;
language=dflt;slant=0;+liga;+tnum;+lnum;+smcp;mapping=tex-text;"
(fontspec)             and font adjustment code:
(fontspec)             \fontdimen 7\font =0\fontdimen 7\font 
(fontspec)             - 'bold slanted' (b/sl) with NFSS spec.:
(fontspec)             <->"[LibertinusSerif-Semibold.otf]/OT:script=latn;langua
ge=dflt;slant=0.25;+liga;+tnum;+lnum;mapping=tex-text;"
(fontspec)             - 'bold slanted small caps'  (b/scsl) with NFSS spec.:
(fontspec)             <->"[LibertinusSerif-Semibold.otf]/OT:script=latn;langua
ge=dflt;slant=0.25;slant=0;+liga;+tnum;+lnum;+smcp;mapping=tex-text;"
(fontspec)             and font adjustment code:
(fontspec)             \fontdimen 7\font =0\fontdimen 7\font 



LaTeX Warning: Citation 'Nordhoff2018' on page 1 undefined on input line 34.


LaTeX Warning: Empty bibliography on input line 41.

[1



] (./02.aux)

LaTeX Warning: There were undefined references.


Package biblatex Warning: Please (re)run Biber on the file:
(biblatex)                02
(biblatex)                and rerun LaTeX afterwards.

Package logreq Info: Writing requests to '02.run.xml'.
\openout1 = `02.run.xml'.

 )
(\end occurred when \ifx on line 2 was incomplete) 
Here is how much of TeX's memory you used:
 50171 strings out of 478050
 1027015 string characters out of 5831176
 2220580 words of memory out of 5000000
 69441 multiletter control sequences out of 15000+600000
 520125 words of font info for 122 fonts, out of 8000000 for 9000
 399 hyphenation exceptions out of 8191
 122i,19n,136p,10594b,4540s stack positions out of 10000i,1000n,20000p,200000b,200000s

Output written on 02.pdf (1 page).
