This is XeTeX, Version 3.141592653-2.6-0.999994 (TeX Live 2022/Debian) (preloaded format=xelatex 2026.8.24)  26 AUG 2026 11:37
entering extended mode
 restricted \write18 enabled.
 %&-line parsing enabled.
**main
(./main.tex
LaTeX2e <2022-11-01> patch level 1
L3 programming layer <2023-01-16> (./langscibook.cls
Document Class: langscibook 2024/02/07 Language Science Press
(/usr/share/texlive/texmf-dist/tex/latex/silence/silence.sty
Package: silence 2012/07/02 v1.5b Selective filtering of warnings and error mes
sages
\sl@Save=\count181
\sl@StateNumber=\count182
\sl@MessageCount=\count183
\sl@Casualties=\count184
\sl@Filter=\toks16
\sl@Message=\toks17
\sl@UnexpandedMessage=\toks18
\sl@Mess@ge=\toks19
\sl@WarningCount=\count185
\sl@WarningNumber=\count186
\sl@WarningCasualties=\count187
\sl@TempBOW=\toks20
\sl@BankOfWarnings=\toks21
LaTeX Info: Redefining \GenericWarning on input line 433.
\sl@ErrorCount=\count188
\sl@ErrorNumber=\count189
\sl@ErrorCasualties=\count190
\sl@TempBOE=\toks22
\sl@BankOfErrors=\toks23
LaTeX Info: Redefining \GenericError on input line 601.
)
Warnings are disabled in langscibook.cls for underfull boxes, hyperref, microty
pe and scrbook package incompatibility, todonotes length and babel/polyglossia 
csquotes
(/usr/share/texlive/texmf-dist/tex/latex/etoolbox/etoolbox.sty
Package: etoolbox 2020/10/05 v2.5k e-TeX tools for LaTeX (JAW)
\etb@tempcnta=\count191
)
(/usr/share/texlive/texmf-dist/tex/latex/l3packages/xparse/xparse.sty
(/usr/share/texlive/texmf-dist/tex/latex/l3kernel/expl3.sty
Package: expl3 2023-01-16 L3 programming layer (loader) 

(/usr/share/texlive/texmf-dist/tex/latex/l3backend/l3backend-xetex.def
File: l3backend-xetex.def 2023-01-16 L3 backend support: XeTeX
\g__graphics_track_int=\count192
\l__pdf_internal_box=\box51
\g__pdf_backend_object_int=\count193
\g__pdf_backend_annotation_int=\count194
\g__pdf_backend_link_int=\count195
))
Package: xparse 2023-01-16 L3 Experimental document command parser
)
(./langsci-affiliations.sty
Package: langsci-affiliations 2024-04-09 v1.4 A LaTeX3 package to collect and o
rder authors and affiliations
\l__author_affil_sep_dim=\dimen140
\l__affiliations_tmpa_int=\count196
\g__affiliations_num_authors_int=\count197
)
(/usr/share/texlive/texmf-dist/tex/latex/tools/xspace.sty
Package: xspace 2014/10/28 v1.13 Space after command names (DPC,MH)
)
(/usr/share/texlive/texmf-dist/tex/latex/kvoptions/kvoptions.sty
Package: kvoptions 2022-06-15 v3.15 Key value format for package options (HO)

(/usr/share/texlive/texmf-dist/tex/latex/graphics/keyval.sty
Package: keyval 2022/05/29 v1.15 key=value parser (DPC)
\KV@toks@=\toks24
)
(/usr/share/texlive/texmf-dist/tex/generic/ltxcmds/ltxcmds.sty
Package: ltxcmds 2020-05-10 v1.25 LaTeX kernel commands for general use (HO)
)
(/usr/share/texlive/texmf-dist/tex/latex/kvsetkeys/kvsetkeys.sty
Package: kvsetkeys 2022-10-05 v1.19 Key value parser (HO)
))
(/usr/share/texlive/texmf-dist/tex/latex/koma-script/scrbook.cls
Document Class: scrbook 2022/10/12 v3.38 KOMA-Script document class (book)
(/usr/share/texlive/texmf-dist/tex/latex/koma-script/scrkbase.sty
Package: scrkbase 2022/10/12 v3.38 KOMA-Script package (KOMA-Script-dependent b
asics and keyval usage)

(/usr/share/texlive/texmf-dist/tex/latex/koma-script/scrbase.sty
Package: scrbase 2022/10/12 v3.38 KOMA-Script package (KOMA-Script-independent 
basics and keyval usage)

(/usr/share/texlive/texmf-dist/tex/latex/koma-script/scrlfile.sty
Package: scrlfile 2022/10/12 v3.38 KOMA-Script package (file load hooks)

(/usr/share/texlive/texmf-dist/tex/latex/koma-script/scrlfile-hook.sty
Package: scrlfile-hook 2022/10/12 v3.38 KOMA-Script package (using LaTeX hooks)


(/usr/share/texlive/texmf-dist/tex/latex/koma-script/scrlogo.sty
Package: scrlogo 2022/10/12 v3.38 KOMA-Script package (logo)
)))
Applying: [2021/05/01] Usage of raw or classic option list on input line 252.
Already applied: [0000/00/00] Usage of raw or classic option list on input line
 368.
))
(/usr/share/texlive/texmf-dist/tex/latex/koma-script/tocbasic.sty
Package: tocbasic 2022/10/12 v3.38 KOMA-Script package (handling toc-files)
\scr@dte@tocline@numberwidth=\skip48
\scr@dte@tocline@numbox=\box52
)
Package tocbasic Info: omitting babel extension for `toc'
(tocbasic)             because of feature `nobabel' available
(tocbasic)             for `toc' on input line 137.
Class scrbook Info: File `scrsize11pt.clo' used to setup font sizes on input li
ne 2617.

(/usr/share/texlive/texmf-dist/tex/latex/koma-script/scrsize11pt.clo
File: scrsize11pt.clo 2022/10/12 v3.38 KOMA-Script font size class option (11pt
)
)
(/usr/share/texlive/texmf-dist/tex/latex/koma-script/typearea.sty
Package: typearea 2022/10/12 v3.38 KOMA-Script package (type area)
\ta@bcor=\skip49
\ta@div=\count198
\ta@hblk=\skip50
\ta@vblk=\skip51
\ta@temp=\skip52
\footheight=\skip53
Package typearea Info: These are the values describing the layout:
(typearea)             DIV  = 10
(typearea)             BCOR = 0.0pt
(typearea)             \paperwidth      = 597.50793pt
(typearea)              \textwidth      = 418.25555pt
(typearea)              DIV departure   = -6%
(typearea)              \evensidemargin = 47.2316pt
(typearea)              \oddsidemargin  = -12.5192pt
(typearea)             \paperheight     = 845.04694pt
(typearea)              \textheight     = 595.80026pt
(typearea)              \topmargin      = -25.16531pt
(typearea)              \headheight     = 17.0pt
(typearea)              \headsep        = 20.40001pt
(typearea)              \topskip        = 11.0pt
(typearea)              \footskip       = 47.6pt
(typearea)              \baselineskip   = 13.6pt
(typearea)              on input line 1767.
)
\c@part=\count199
\c@chapter=\count266
\c@section=\count267
\c@subsection=\count268
\c@subsubsection=\count269
\c@paragraph=\count270
\c@subparagraph=\count271
\scr@dte@chapter@maxnumwidth=\skip54
Class scrbook Info: using compatibility default `afterindent=bysign'
(scrbook)           for `\chapter on input line 5898.
\scr@dte@section@maxnumwidth=\skip55
Class scrbook Info: using compatibility default `runin=bysign'
(scrbook)           for `\section on input line 5909.
Class scrbook Info: using compatibility default `afterindent=bysign'
(scrbook)           for `\section on input line 5909.
\scr@dte@part@maxnumwidth=\skip56
Class scrbook Info: using compatibility default `afterindent=true'
(scrbook)           for `\part on input line 5918.
\scr@dte@subsection@maxnumwidth=\skip57
Class scrbook Info: using compatibility default `runin=bysign'
(scrbook)           for `\subsection on input line 5928.
Class scrbook Info: using compatibility default `afterindent=bysign'
(scrbook)           for `\subsection on input line 5928.
\scr@dte@subsubsection@maxnumwidth=\skip58
Class scrbook Info: using compatibility default `runin=bysign'
(scrbook)           for `\subsubsection on input line 5938.
Class scrbook Info: using compatibility default `afterindent=bysign'
(scrbook)           for `\subsubsection on input line 5938.
\scr@dte@paragraph@maxnumwidth=\skip59
Class scrbook Info: using compatibility default `runin=bysign'
(scrbook)           for `\paragraph on input line 5949.
Class scrbook Info: using compatibility default `afterindent=bysign'
(scrbook)           for `\paragraph on input line 5949.
\scr@dte@subparagraph@maxnumwidth=\skip60
Class scrbook Info: using compatibility default `runin=bysign'
(scrbook)           for `\subparagraph on input line 5959.
Class scrbook Info: using compatibility default `afterindent=bysign'
(scrbook)           for `\subparagraph on input line 5959.
\abovecaptionskip=\skip61
\belowcaptionskip=\skip62
\c@pti@nb@sid@b@x=\box53
Package tocbasic Info: omitting babel extension for `lof'
(tocbasic)             because of feature `nobabel' available
(tocbasic)             for `lof' on input line 7142.
\scr@dte@figure@maxnumwidth=\skip63
\c@figure=\count272
Package tocbasic Info: omitting babel extension for `lot'
(tocbasic)             because of feature `nobabel' available
(tocbasic)             for `lot' on input line 7159.
\scr@dte@table@maxnumwidth=\skip64
\c@table=\count273
Class scrbook Info: Redefining `\numberline' on input line 7330.
\bibindent=\dimen141
)
(/usr/share/texlive/texmf-dist/tex/generic/xstring/xstring.sty
(/usr/share/texlive/texmf-dist/tex/generic/xstring/xstring.tex
\integerpart=\count274
\decimalpart=\count275
)
Package: xstring 2023/01/14 v1.85 String manipulations (CT)
)
(/usr/share/texlive/texmf-dist/tex/latex/graphics/graphicx.sty
Package: graphicx 2021/09/16 v1.2d Enhanced LaTeX Graphics (DPC,SPQR)

(/usr/share/texlive/texmf-dist/tex/latex/graphics/graphics.sty
Package: graphics 2022/03/10 v1.4e Standard LaTeX Graphics (DPC,SPQR)

(/usr/share/texlive/texmf-dist/tex/latex/graphics/trig.sty
Package: trig 2021/08/11 v1.11 sin cos tan (DPC)
)
(/usr/share/texlive/texmf-dist/tex/latex/graphics-cfg/graphics.cfg
File: graphics.cfg 2016/06/04 v1.11 sample graphics configuration
)
Package graphics Info: Driver file: xetex.def on input line 107.

(/usr/share/texlive/texmf-dist/tex/latex/graphics-def/xetex.def
File: xetex.def 2022/09/22 v5.0n Graphics/color driver for xetex
))
\Gin@req@height=\dimen142
\Gin@req@width=\dimen143
)
(/usr/share/texlive/texmf-dist/tex/latex/hyphenat/hyphenat.sty
Package: hyphenat 2009/09/02 v2.3c hyphenation utilities
\langwohyphens=\language7
LaTeX Info: Redefining \_ on input line 43.
)
(/usr/share/texlive/texmf-dist/tex/latex/pgf/frontendlayer/tikz.sty
(/usr/share/texlive/texmf-dist/tex/latex/pgf/basiclayer/pgf.sty
(/usr/share/texlive/texmf-dist/tex/latex/pgf/utilities/pgfrcs.sty
(/usr/share/texlive/texmf-dist/tex/generic/pgf/utilities/pgfutil-common.tex
\pgfutil@everybye=\toks25
\pgfutil@tempdima=\dimen144
\pgfutil@tempdimb=\dimen145
)
(/usr/share/texlive/texmf-dist/tex/generic/pgf/utilities/pgfutil-latex.def
\pgfutil@abb=\box54
)
(/usr/share/texlive/texmf-dist/tex/generic/pgf/utilities/pgfrcs.code.tex
(/usr/share/texlive/texmf-dist/tex/generic/pgf/pgf.revision.tex)
Package: pgfrcs 2023-01-15 v3.1.10 (3.1.10)
))
Package: pgf 2023-01-15 v3.1.10 (3.1.10)

(/usr/share/texlive/texmf-dist/tex/latex/pgf/basiclayer/pgfcore.sty
(/usr/share/texlive/texmf-dist/tex/latex/pgf/systemlayer/pgfsys.sty
(/usr/share/texlive/texmf-dist/tex/generic/pgf/systemlayer/pgfsys.code.tex
Package: pgfsys 2023-01-15 v3.1.10 (3.1.10)

(/usr/share/texlive/texmf-dist/tex/generic/pgf/utilities/pgfkeys.code.tex
\pgfkeys@pathtoks=\toks26
\pgfkeys@temptoks=\toks27

(/usr/share/texlive/texmf-dist/tex/generic/pgf/utilities/pgfkeyslibraryfiltered
.code.tex
\pgfkeys@tmptoks=\toks28
))
\pgf@x=\dimen146
\pgf@y=\dimen147
\pgf@xa=\dimen148
\pgf@ya=\dimen149
\pgf@xb=\dimen150
\pgf@yb=\dimen151
\pgf@xc=\dimen152
\pgf@yc=\dimen153
\pgf@xd=\dimen154
\pgf@yd=\dimen155
\w@pgf@writea=\write3
\r@pgf@reada=\read2
\c@pgf@counta=\count276
\c@pgf@countb=\count277
\c@pgf@countc=\count278
\c@pgf@countd=\count279
\t@pgf@toka=\toks29
\t@pgf@tokb=\toks30
\t@pgf@tokc=\toks31
\pgf@sys@id@count=\count280
 (/usr/share/texlive/texmf-dist/tex/generic/pgf/systemlayer/pgf.cfg
File: pgf.cfg 2023-01-15 v3.1.10 (3.1.10)
)
Driver file for pgf: pgfsys-xetex.def
(/usr/share/texlive/texmf-dist/tex/generic/pgf/systemlayer/pgfsys-xetex.def
File: pgfsys-xetex.def 2023-01-15 v3.1.10 (3.1.10)

(/usr/share/texlive/texmf-dist/tex/generic/pgf/systemlayer/pgfsys-dvipdfmx.def
File: pgfsys-dvipdfmx.def 2023-01-15 v3.1.10 (3.1.10)

(/usr/share/texlive/texmf-dist/tex/generic/pgf/systemlayer/pgfsys-common-pdf.de
f
File: pgfsys-common-pdf.def 2023-01-15 v3.1.10 (3.1.10)
)
\pgfsys@objnum=\count281
)))
(/usr/share/texlive/texmf-dist/tex/generic/pgf/systemlayer/pgfsyssoftpath.code.
tex
File: pgfsyssoftpath.code.tex 2023-01-15 v3.1.10 (3.1.10)
\pgfsyssoftpath@smallbuffer@items=\count282
\pgfsyssoftpath@bigbuffer@items=\count283
)
(/usr/share/texlive/texmf-dist/tex/generic/pgf/systemlayer/pgfsysprotocol.code.
tex
File: pgfsysprotocol.code.tex 2023-01-15 v3.1.10 (3.1.10)
)) (/usr/share/texlive/texmf-dist/tex/latex/xcolor/xcolor.sty
Package: xcolor 2022/06/12 v2.14 LaTeX color extensions (UK)

(/usr/share/texlive/texmf-dist/tex/latex/graphics-cfg/color.cfg
File: color.cfg 2016/01/02 v1.6 sample color configuration
)
Package xcolor Info: Driver file: xetex.def on input line 227.

(/usr/share/texlive/texmf-dist/tex/latex/graphics/mathcolor.ltx)
Package xcolor Info: Model `cmy' substituted by `cmy0' on input line 1353.
Package xcolor Info: Model `RGB' extended on input line 1369.
Package xcolor Info: Model `HTML' substituted by `rgb' on input line 1371.
Package xcolor Info: Model `Hsb' substituted by `hsb' on input line 1372.
Package xcolor Info: Model `tHsb' substituted by `hsb' on input line 1373.
Package xcolor Info: Model `HSB' substituted by `hsb' on input line 1374.
Package xcolor Info: Model `Gray' substituted by `gray' on input line 1375.
Package xcolor Info: Model `wave' substituted by `hsb' on input line 1376.
)
(/usr/share/texlive/texmf-dist/tex/generic/pgf/basiclayer/pgfcore.code.tex
Package: pgfcore 2023-01-15 v3.1.10 (3.1.10)

(/usr/share/texlive/texmf-dist/tex/generic/pgf/math/pgfmath.code.tex
(/usr/share/texlive/texmf-dist/tex/generic/pgf/math/pgfmathutil.code.tex)
(/usr/share/texlive/texmf-dist/tex/generic/pgf/math/pgfmathparser.code.tex
\pgfmath@dimen=\dimen156
\pgfmath@count=\count284
\pgfmath@box=\box55
\pgfmath@toks=\toks32
\pgfmath@stack@operand=\toks33
\pgfmath@stack@operation=\toks34
)
(/usr/share/texlive/texmf-dist/tex/generic/pgf/math/pgfmathfunctions.code.tex)
(/usr/share/texlive/texmf-dist/tex/generic/pgf/math/pgfmathfunctions.basic.code
.tex)
(/usr/share/texlive/texmf-dist/tex/generic/pgf/math/pgfmathfunctions.trigonomet
ric.code.tex)
(/usr/share/texlive/texmf-dist/tex/generic/pgf/math/pgfmathfunctions.random.cod
e.tex)
(/usr/share/texlive/texmf-dist/tex/generic/pgf/math/pgfmathfunctions.comparison
.code.tex)
(/usr/share/texlive/texmf-dist/tex/generic/pgf/math/pgfmathfunctions.base.code.
tex)
(/usr/share/texlive/texmf-dist/tex/generic/pgf/math/pgfmathfunctions.round.code
.tex)
(/usr/share/texlive/texmf-dist/tex/generic/pgf/math/pgfmathfunctions.misc.code.
tex)
(/usr/share/texlive/texmf-dist/tex/generic/pgf/math/pgfmathfunctions.integerari
thmetics.code.tex)
(/usr/share/texlive/texmf-dist/tex/generic/pgf/math/pgfmathcalc.code.tex)
(/usr/share/texlive/texmf-dist/tex/generic/pgf/math/pgfmathfloat.code.tex
\c@pgfmathroundto@lastzeros=\count285
))
(/usr/share/texlive/texmf-dist/tex/generic/pgf/math/pgfint.code.tex)
(/usr/share/texlive/texmf-dist/tex/generic/pgf/basiclayer/pgfcorepoints.code.te
x
File: pgfcorepoints.code.tex 2023-01-15 v3.1.10 (3.1.10)
\pgf@picminx=\dimen157
\pgf@picmaxx=\dimen158
\pgf@picminy=\dimen159
\pgf@picmaxy=\dimen160
\pgf@pathminx=\dimen161
\pgf@pathmaxx=\dimen162
\pgf@pathminy=\dimen163
\pgf@pathmaxy=\dimen164
\pgf@xx=\dimen165
\pgf@xy=\dimen166
\pgf@yx=\dimen167
\pgf@yy=\dimen168
\pgf@zx=\dimen169
\pgf@zy=\dimen170
)
(/usr/share/texlive/texmf-dist/tex/generic/pgf/basiclayer/pgfcorepathconstruct.
code.tex
File: pgfcorepathconstruct.code.tex 2023-01-15 v3.1.10 (3.1.10)
\pgf@path@lastx=\dimen171
\pgf@path@lasty=\dimen172
)
(/usr/share/texlive/texmf-dist/tex/generic/pgf/basiclayer/pgfcorepathusage.code
.tex
File: pgfcorepathusage.code.tex 2023-01-15 v3.1.10 (3.1.10)
\pgf@shorten@end@additional=\dimen173
\pgf@shorten@start@additional=\dimen174
)
(/usr/share/texlive/texmf-dist/tex/generic/pgf/basiclayer/pgfcorescopes.code.te
x
File: pgfcorescopes.code.tex 2023-01-15 v3.1.10 (3.1.10)
\pgfpic=\box56
\pgf@hbox=\box57
\pgf@layerbox@main=\box58
\pgf@picture@serial@count=\count286
)
(/usr/share/texlive/texmf-dist/tex/generic/pgf/basiclayer/pgfcoregraphicstate.c
ode.tex
File: pgfcoregraphicstate.code.tex 2023-01-15 v3.1.10 (3.1.10)
\pgflinewidth=\dimen175
)
(/usr/share/texlive/texmf-dist/tex/generic/pgf/basiclayer/pgfcoretransformation
s.code.tex
File: pgfcoretransformations.code.tex 2023-01-15 v3.1.10 (3.1.10)
\pgf@pt@x=\dimen176
\pgf@pt@y=\dimen177
\pgf@pt@temp=\dimen178
)
(/usr/share/texlive/texmf-dist/tex/generic/pgf/basiclayer/pgfcorequick.code.tex
File: pgfcorequick.code.tex 2023-01-15 v3.1.10 (3.1.10)
)
(/usr/share/texlive/texmf-dist/tex/generic/pgf/basiclayer/pgfcoreobjects.code.t
ex
File: pgfcoreobjects.code.tex 2023-01-15 v3.1.10 (3.1.10)
)
(/usr/share/texlive/texmf-dist/tex/generic/pgf/basiclayer/pgfcorepathprocessing
.code.tex
File: pgfcorepathprocessing.code.tex 2023-01-15 v3.1.10 (3.1.10)
)
(/usr/share/texlive/texmf-dist/tex/generic/pgf/basiclayer/pgfcorearrows.code.te
x
File: pgfcorearrows.code.tex 2023-01-15 v3.1.10 (3.1.10)
\pgfarrowsep=\dimen179
)
(/usr/share/texlive/texmf-dist/tex/generic/pgf/basiclayer/pgfcoreshade.code.tex
File: pgfcoreshade.code.tex 2023-01-15 v3.1.10 (3.1.10)
\pgf@max=\dimen180
\pgf@sys@shading@range@num=\count287
\pgf@shadingcount=\count288
)
(/usr/share/texlive/texmf-dist/tex/generic/pgf/basiclayer/pgfcoreimage.code.tex
File: pgfcoreimage.code.tex 2023-01-15 v3.1.10 (3.1.10)
)
(/usr/share/texlive/texmf-dist/tex/generic/pgf/basiclayer/pgfcoreexternal.code.
tex
File: pgfcoreexternal.code.tex 2023-01-15 v3.1.10 (3.1.10)
\pgfexternal@startupbox=\box59
)
(/usr/share/texlive/texmf-dist/tex/generic/pgf/basiclayer/pgfcorelayers.code.te
x
File: pgfcorelayers.code.tex 2023-01-15 v3.1.10 (3.1.10)
)
(/usr/share/texlive/texmf-dist/tex/generic/pgf/basiclayer/pgfcoretransparency.c
ode.tex
File: pgfcoretransparency.code.tex 2023-01-15 v3.1.10 (3.1.10)
)
(/usr/share/texlive/texmf-dist/tex/generic/pgf/basiclayer/pgfcorepatterns.code.
tex
File: pgfcorepatterns.code.tex 2023-01-15 v3.1.10 (3.1.10)
)
(/usr/share/texlive/texmf-dist/tex/generic/pgf/basiclayer/pgfcorerdf.code.tex
File: pgfcorerdf.code.tex 2023-01-15 v3.1.10 (3.1.10)
)))
(/usr/share/texlive/texmf-dist/tex/generic/pgf/modules/pgfmoduleshapes.code.tex
File: pgfmoduleshapes.code.tex 2023-01-15 v3.1.10 (3.1.10)
\pgfnodeparttextbox=\box60
) (/usr/share/texlive/texmf-dist/tex/generic/pgf/modules/pgfmoduleplot.code.tex
File: pgfmoduleplot.code.tex 2023-01-15 v3.1.10 (3.1.10)
)
(/usr/share/texlive/texmf-dist/tex/latex/pgf/compatibility/pgfcomp-version-0-65
.sty
Package: pgfcomp-version-0-65 2023-01-15 v3.1.10 (3.1.10)
\pgf@nodesepstart=\dimen181
\pgf@nodesepend=\dimen182
)
(/usr/share/texlive/texmf-dist/tex/latex/pgf/compatibility/pgfcomp-version-1-18
.sty
Package: pgfcomp-version-1-18 2023-01-15 v3.1.10 (3.1.10)
)) (/usr/share/texlive/texmf-dist/tex/latex/pgf/utilities/pgffor.sty
(/usr/share/texlive/texmf-dist/tex/latex/pgf/utilities/pgfkeys.sty
(/usr/share/texlive/texmf-dist/tex/generic/pgf/utilities/pgfkeys.code.tex))
(/usr/share/texlive/texmf-dist/tex/latex/pgf/math/pgfmath.sty
(/usr/share/texlive/texmf-dist/tex/generic/pgf/math/pgfmath.code.tex))
(/usr/share/texlive/texmf-dist/tex/generic/pgf/utilities/pgffor.code.tex
Package: pgffor 2023-01-15 v3.1.10 (3.1.10)
\pgffor@iter=\dimen183
\pgffor@skip=\dimen184
\pgffor@stack=\toks35
\pgffor@toks=\toks36
))
(/usr/share/texlive/texmf-dist/tex/generic/pgf/frontendlayer/tikz/tikz.code.tex
Package: tikz 2023-01-15 v3.1.10 (3.1.10)

(/usr/share/texlive/texmf-dist/tex/generic/pgf/libraries/pgflibraryplothandlers
.code.tex
File: pgflibraryplothandlers.code.tex 2023-01-15 v3.1.10 (3.1.10)
\pgf@plot@mark@count=\count289
\pgfplotmarksize=\dimen185
)
\tikz@lastx=\dimen186
\tikz@lasty=\dimen187
\tikz@lastxsaved=\dimen188
\tikz@lastysaved=\dimen189
\tikz@lastmovetox=\dimen190
\tikz@lastmovetoy=\dimen191
\tikzleveldistance=\dimen192
\tikzsiblingdistance=\dimen193
\tikz@figbox=\box61
\tikz@figbox@bg=\box62
\tikz@tempbox=\box63
\tikz@tempbox@bg=\box64
\tikztreelevel=\count290
\tikznumberofchildren=\count291
\tikznumberofcurrentchild=\count292
\tikz@fig@count=\count293

(/usr/share/texlive/texmf-dist/tex/generic/pgf/modules/pgfmodulematrix.code.tex
File: pgfmodulematrix.code.tex 2023-01-15 v3.1.10 (3.1.10)
\pgfmatrixcurrentrow=\count294
\pgfmatrixcurrentcolumn=\count295
\pgf@matrix@numberofcolumns=\count296
)
\tikz@expandcount=\count297

(/usr/share/texlive/texmf-dist/tex/generic/pgf/frontendlayer/tikz/libraries/tik
zlibrarytopaths.code.tex
File: tikzlibrarytopaths.code.tex 2023-01-15 v3.1.10 (3.1.10)
)))
(/usr/share/texlive/texmf-dist/tex/generic/pgf/frontendlayer/tikz/libraries/tik
zlibrarypositioning.code.tex
File: tikzlibrarypositioning.code.tex 2023-01-15 v3.1.10 (3.1.10)
)
(/usr/share/texlive/texmf-dist/tex/generic/pgf/frontendlayer/tikz/libraries/tik
zlibrarycalc.code.tex
File: tikzlibrarycalc.code.tex 2023-01-15 v3.1.10 (3.1.10)
) (/usr/share/texlive/texmf-dist/tex/latex/url/url.sty
\Urlmuskip=\muskip16
Package: url 2013/09/16  ver 3.4  Verb mode for urls, etc.
)
\bleed=\skip65
\seitenbreite=\skip66
\seitenhoehe=\skip67
\spinewidth=\skip68
\totalwidth=\skip69
\totalheight=\skip70
\l__langsci_bookblock_page_count=\count298
\l_langsci_spine_width_modifier=\count299

(/usr/share/texlive/texmf-dist/tex/latex/tools/calc.sty
Package: calc 2017/05/25 v4.3 Infix arithmetic (KKT,FJ)
\calc@Acount=\count300
\calc@Bcount=\count301
\calc@Adimen=\dimen194
\calc@Bdimen=\dimen195
\calc@Askip=\skip71
\calc@Bskip=\skip72
LaTeX Info: Redefining \setlength on input line 80.
LaTeX Info: Redefining \addtolength on input line 81.
\calc@Ccount=\count302
\calc@Cskip=\skip73
)
(/usr/share/texlive/texmf-dist/tex/latex/geometry/geometry.sty
Package: geometry 2020/01/02 v5.9 Page Geometry

(/usr/share/texlive/texmf-dist/tex/generic/iftex/ifvtex.sty
Package: ifvtex 2019/10/25 v1.7 ifvtex legacy package. Use iftex instead.

(/usr/share/texlive/texmf-dist/tex/generic/iftex/iftex.sty
Package: iftex 2022/02/03 v1.0f TeX engine tests
))
\Gm@cnth=\count303
\Gm@cntv=\count304
\c@Gm@tempcnt=\count305
\Gm@bindingoffset=\dimen196
\Gm@wd@mp=\dimen197
\Gm@odd@mp=\dimen198
\Gm@even@mp=\dimen199
\Gm@layoutwidth=\dimen256
\Gm@layoutheight=\dimen257
\Gm@layouthoffset=\dimen258
\Gm@layoutvoffset=\dimen259
\Gm@dimlist=\toks37
)
(/usr/share/texlive/texmf-dist/tex/generic/iftex/ifxetex.sty
Package: ifxetex 2019/10/25 v0.7 ifxetex legacy package. Use iftex instead.
)
(/usr/share/texlive/texmf-dist/tex/latex/amsfonts/amssymb.sty
Package: amssymb 2013/01/14 v3.01 AMS font symbols

(/usr/share/texlive/texmf-dist/tex/latex/amsfonts/amsfonts.sty
Package: amsfonts 2013/01/14 v3.01 Basic AMSFonts support
\@emptytoks=\toks38
\symAMSa=\mathgroup4
\symAMSb=\mathgroup5
LaTeX Font Info:    Redeclaring math symbol \hbar on input line 98.
LaTeX Font Info:    Overwriting math alphabet `\mathfrak' in version `bold'
(Font)                  U/euf/m/n --> U/euf/b/n on input line 106.
))
(/usr/share/texlive/texmf-dist/tex/latex/amsmath/amsmath.sty
Package: amsmath 2022/04/08 v2.17n AMS math features
\@mathmargin=\skip74

For additional information on amsmath, use the `?' option.
(/usr/share/texlive/texmf-dist/tex/latex/amsmath/amstext.sty
Package: amstext 2021/08/26 v2.01 AMS text

(/usr/share/texlive/texmf-dist/tex/latex/amsmath/amsgen.sty
File: amsgen.sty 1999/11/30 v2.0 generic functions
\@emptytoks=\toks39
\ex@=\dimen260
))
(/usr/share/texlive/texmf-dist/tex/latex/amsmath/amsbsy.sty
Package: amsbsy 1999/11/29 v1.2d Bold Symbols
\pmbraise@=\dimen261
)
(/usr/share/texlive/texmf-dist/tex/latex/amsmath/amsopn.sty
Package: amsopn 2022/04/08 v2.04 operator names
)
\inf@bad=\count306
LaTeX Info: Redefining \frac on input line 234.
\uproot@=\count307
\leftroot@=\count308
LaTeX Info: Redefining \overline on input line 399.
LaTeX Info: Redefining \colon on input line 410.
\classnum@=\count309
\DOTSCASE@=\count310
LaTeX Info: Redefining \ldots on input line 496.
LaTeX Info: Redefining \dots on input line 499.
LaTeX Info: Redefining \cdots on input line 620.
\Mathstrutbox@=\box65
\strutbox@=\box66
LaTeX Info: Redefining \big on input line 722.
LaTeX Info: Redefining \Big on input line 723.
LaTeX Info: Redefining \bigg on input line 724.
LaTeX Info: Redefining \Bigg on input line 725.
\big@size=\dimen262
LaTeX Font Info:    Redeclaring font encoding OML on input line 743.
LaTeX Font Info:    Redeclaring font encoding OMS on input line 744.
\macc@depth=\count311
LaTeX Info: Redefining \bmod on input line 905.
LaTeX Info: Redefining \pmod on input line 910.
LaTeX Info: Redefining \smash on input line 940.
LaTeX Info: Redefining \relbar on input line 970.
LaTeX Info: Redefining \Relbar on input line 971.
\c@MaxMatrixCols=\count312
\dotsspace@=\muskip17
\c@parentequation=\count313
\dspbrk@lvl=\count314
\tag@help=\toks40
\row@=\count315
\column@=\count316
\maxfields@=\count317
\andhelp@=\toks41
\eqnshift@=\dimen263
\alignsep@=\dimen264
\tagshift@=\dimen265
\tagwidth@=\dimen266
\totwidth@=\dimen267
\lineht@=\dimen268
\@envbody=\toks42
\multlinegap=\skip75
\multlinetaggap=\skip76
\mathdisplay@stack=\toks43
LaTeX Info: Redefining \[ on input line 2953.
LaTeX Info: Redefining \] on input line 2954.
)
LaTeX Info: Redefining \genfrac on input line 854.

(/usr/share/texlive/texmf-dist/tex/latex/unicode-math/unicode-math.sty
Package: unicode-math 2020/01/31 v0.8q Unicode maths in XeLaTeX and LuaLaTeX

(/usr/share/texlive/texmf-dist/tex/latex/unicode-math/unicode-math-xetex.sty
Package: unicode-math-xetex 2020/01/31 v0.8q Unicode maths in XeLaTeX and LuaLa
TeX

(/usr/share/texlive/texmf-dist/tex/latex/l3packages/l3keys2e/l3keys2e.sty
Package: l3keys2e 2023-01-16 LaTeX2e option processing using LaTeX3 keys
)
(/usr/share/texlive/texmf-dist/tex/latex/fontspec/fontspec.sty
Package: fontspec 2022/01/15 v2.8a Font selection for XeLaTeX and LuaLaTeX

(/usr/share/texlive/texmf-dist/tex/latex/fontspec/fontspec-xetex.sty
Package: fontspec-xetex 2022/01/15 v2.8a Font selection for XeLaTeX and LuaLaTe
X
\l__fontspec_script_int=\count318
\l__fontspec_language_int=\count319
\l__fontspec_strnum_int=\count320
\l__fontspec_tmp_int=\count321
\l__fontspec_tmpa_int=\count322
\l__fontspec_tmpb_int=\count323
\l__fontspec_tmpc_int=\count324
\l__fontspec_em_int=\count325
\l__fontspec_emdef_int=\count326
\l__fontspec_strong_int=\count327
\l__fontspec_strongdef_int=\count328
\l__fontspec_tmpa_dim=\dimen269
\l__fontspec_tmpb_dim=\dimen270
\l__fontspec_tmpc_dim=\dimen271

(/usr/share/texlive/texmf-dist/tex/latex/base/fontenc.sty
Package: fontenc 2021/04/29 v2.0v Standard LaTeX package
)
(/usr/share/texlive/texmf-dist/tex/latex/fontspec/fontspec.cfg)))
(/usr/share/texlive/texmf-dist/tex/latex/base/fix-cm.sty
Package: fix-cm 2020/11/24 v1.1t fixes to LaTeX

(/usr/share/texlive/texmf-dist/tex/latex/base/ts1enc.def
File: ts1enc.def 2001/06/05 v3.0e (jk/car/fm) Standard LaTeX file
LaTeX Font Info:    Redeclaring font encoding TS1 on input line 47.
))
\g__um_fam_int=\count329
\g__um_fonts_used_int=\count330
\l__um_primecount_int=\count331
\g__um_primekern_muskip=\muskip18

(/usr/share/texlive/texmf-dist/tex/latex/unicode-math/unicode-math-table.tex)))
(/usr/share/texlive/texmf-dist/tex/latex/metalogo/metalogo.sty
Package: metalogo 2010/05/29 v0.12 Extended TeX logo macros
\xl@everylogo=\toks44
\xl@@everylogo=\toks45
LaTeX Info: Redefining \TeX on input line 193.
LaTeX Info: Redefining \LaTeX on input line 202.
LaTeX Info: Redefining \LaTeXe on input line 219.
)

Package fontspec Info: DejaVuSansMono scale = 0.788112595521966.


Package fontspec Info: DejaVuSansMono scale = 0.788112595521966.


Package fontspec Info: DejaVuSansMono-Bold scale = 0.788112595521966.


Package fontspec Info: DejaVuSansMono-Oblique scale = 0.788112595521966.


Package fontspec Info: DejaVuSansMono-BoldOblique scale = 0.788112595521966.


Package fontspec Info: Font family 'DejaVuSansMono.ttf(0)' created for font
(fontspec)             'DejaVuSansMono.ttf' with options
(fontspec)             [WordSpace={1,0,0},HyphenChar=None,PunctuationSpace=Word
Space,Scale=MatchLowercase,BoldFont
(fontspec)             = DejaVuSansMono-Bold.ttf,SlantedFont =
(fontspec)             DejaVuSansMono-Oblique.ttf,BoldSlantedFont =
(fontspec)             DejaVuSansMono-BoldOblique.ttf].
(fontspec)              
(fontspec)              This font family consists of the following NFSS
(fontspec)             series/shapes:
(fontspec)              
(fontspec)             - 'normal' (m/n) with NFSS spec.:
(fontspec)             <->s*[0.788112595521966]"[DejaVuSansMono.ttf]/OT:script=
latn;language=dflt;"
(fontspec)             - 'small caps'  (m/sc) with NFSS spec.: 
(fontspec)             and font adjustment code:
(fontspec)             \fontdimen 2\font =1\fontdimen 2\font \fontdimen 3\font
(fontspec)             =0\fontdimen 3\font \fontdimen 4\font =0\fontdimen
(fontspec)             4\font \fontdimen 7\font =0\fontdimen 2\font
(fontspec)             \tex_hyphenchar:D \font =-1\scan_stop: 
(fontspec)             - 'bold' (b/n) with NFSS spec.:
(fontspec)             <->s*[0.788112595521966]"[DejaVuSansMono-Bold.ttf]/OT:sc
ript=latn;language=dflt;"
(fontspec)             - 'bold small caps'  (b/sc) with NFSS spec.: 
(fontspec)             and font adjustment code:
(fontspec)             \fontdimen 2\font =1\fontdimen 2\font \fontdimen 3\font
(fontspec)             =0\fontdimen 3\font \fontdimen 4\font =0\fontdimen
(fontspec)             4\font \fontdimen 7\font =0\fontdimen 2\font
(fontspec)             \tex_hyphenchar:D \font =-1\scan_stop: 
(fontspec)             - 'slanted' (m/sl) with NFSS spec.:
(fontspec)             <->s*[0.788112595521966]"[DejaVuSansMono-Oblique.ttf]/OT
:script=latn;language=dflt;"
(fontspec)             - 'slanted small caps'  (m/scsl) with NFSS spec.: 
(fontspec)             and font adjustment code:
(fontspec)             \fontdimen 2\font =1\fontdimen 2\font \fontdimen 3\font
(fontspec)             =0\fontdimen 3\font \fontdimen 4\font =0\fontdimen
(fontspec)             4\font \fontdimen 7\font =0\fontdimen 2\font
(fontspec)             \tex_hyphenchar:D \font =-1\scan_stop: 
(fontspec)             - 'bold slanted' (b/sl) with NFSS spec.:
(fontspec)             <->s*[0.788112595521966]"[DejaVuSansMono-BoldOblique.ttf
]/OT:script=latn;language=dflt;"
(fontspec)             - 'bold slanted small caps'  (b/scsl) with NFSS spec.: 
(fontspec)             and font adjustment code:
(fontspec)             \fontdimen 2\font =1\fontdimen 2\font \fontdimen 3\font
(fontspec)             =0\fontdimen 3\font \fontdimen 4\font =0\fontdimen
(fontspec)             4\font \fontdimen 7\font =0\fontdimen 2\font
(fontspec)             \tex_hyphenchar:D \font =-1\scan_stop: 


Package fontspec Info: DejaVuSansMono scale = 0.788112595521966.


Package fontspec Info: DejaVuSansMono scale = 0.788112595521966.


Package fontspec Info: DejaVuSansMono-Bold scale = 0.788112595521966.


Package fontspec Info: DejaVuSansMono-Oblique scale = 0.788112595521966.


Package fontspec Info: DejaVuSansMono-BoldOblique scale = 0.788112595521966.


Package fontspec Info: Font family 'DejaVuSansMono.ttf(1)' created for font
(fontspec)             'DejaVuSansMono.ttf' with options
(fontspec)             [Scale=MatchLowercase,BoldFont =
(fontspec)             DejaVuSansMono-Bold.ttf,SlantedFont =
(fontspec)             DejaVuSansMono-Oblique.ttf,BoldSlantedFont =
(fontspec)             DejaVuSansMono-BoldOblique.ttf].
(fontspec)              
(fontspec)              This font family consists of the following NFSS
(fontspec)             series/shapes:
(fontspec)              
(fontspec)             - 'normal' (m/n) with NFSS spec.:
(fontspec)             <->s*[0.788112595521966]"[DejaVuSansMono.ttf]/OT:script=
latn;language=dflt;"
(fontspec)             - 'small caps'  (m/sc) with NFSS spec.: 
(fontspec)             - 'bold' (b/n) with NFSS spec.:
(fontspec)             <->s*[0.788112595521966]"[DejaVuSansMono-Bold.ttf]/OT:sc
ript=latn;language=dflt;"
(fontspec)             - 'bold small caps'  (b/sc) with NFSS spec.: 
(fontspec)             - 'slanted' (m/sl) with NFSS spec.:
(fontspec)             <->s*[0.788112595521966]"[DejaVuSansMono-Oblique.ttf]/OT
:script=latn;language=dflt;"
(fontspec)             - 'slanted small caps'  (m/scsl) with NFSS spec.: 
(fontspec)             - 'bold slanted' (b/sl) with NFSS spec.:
(fontspec)             <->s*[0.788112595521966]"[DejaVuSansMono-BoldOblique.ttf
]/OT:script=latn;language=dflt;"
(fontspec)             - 'bold slanted small caps'  (b/scsl) with NFSS spec.: 

LaTeX Font Info:    Overwriting math alphabet `\mathtt' in version `normal'
(Font)                  OT1/cmtt/m/n --> TU/DejaVuSansMono.ttf(1)/m/n on input 
line 854.
LaTeX Font Info:    Overwriting math alphabet `\mathtt' in version `bold'
(Font)                  OT1/cmtt/m/n --> TU/DejaVuSansMono.ttf(1)/bx/n on input
 line 854.

Package fontspec Info: Arimo-Regular scale = 0.8157907230688886.


Package fontspec Info: Arimo-Regular scale = 0.8157907230688886.


Package fontspec Info: Arimo-Bold scale = 0.8157907230688886.


Package fontspec Info: Arimo-Italic scale = 0.8157907230688886.


Package fontspec Info: Arimo-BoldItalic scale = 0.8157907230688886.


Package fontspec Info: Font family 'Arimo-Regular.ttf(0)' created for font
(fontspec)             'Arimo-Regular.ttf' with options
(fontspec)             [Ligatures=TeX,Scale=MatchLowercase,BoldFont =
(fontspec)             Arimo-Bold.ttf,ItalicFont =
(fontspec)             Arimo-Italic.ttf,BoldItalicFont =
(fontspec)             Arimo-BoldItalic.ttf].
(fontspec)              
(fontspec)              This font family consists of the following NFSS
(fontspec)             series/shapes:
(fontspec)              
(fontspec)             - 'normal' (m/n) with NFSS spec.:
(fontspec)             <->s*[0.8157907230688886]"[Arimo-Regular.ttf]/OT:script=
latn;language=dflt;mapping=tex-text;"
(fontspec)             - 'small caps'  (m/sc) with NFSS spec.: 
(fontspec)             - 'bold' (b/n) with NFSS spec.:
(fontspec)             <->s*[0.8157907230688886]"[Arimo-Bold.ttf]/OT:script=lat
n;language=dflt;mapping=tex-text;"
(fontspec)             - 'bold small caps'  (b/sc) with NFSS spec.: 
(fontspec)             - 'italic' (m/it) with NFSS spec.:
(fontspec)             <->s*[0.8157907230688886]"[Arimo-Italic.ttf]/OT:script=l
atn;language=dflt;mapping=tex-text;"
(fontspec)             - 'italic small caps'  (m/scit) with NFSS spec.: 
(fontspec)             - 'bold italic' (b/it) with NFSS spec.:
(fontspec)             <->s*[0.8157907230688886]"[Arimo-BoldItalic.ttf]/OT:scri
pt=latn;language=dflt;mapping=tex-text;"
(fontspec)             - 'bold italic small caps'  (b/scit) with NFSS spec.: 


Package fontspec Info: Arimo-Regular scale = 0.8157907230688886.


Package fontspec Info: Arimo-Regular scale = 0.8157907230688886.


Package fontspec Info: Arimo-Bold scale = 0.8157907230688886.


Package fontspec Info: Arimo-Italic scale = 0.8157907230688886.


Package fontspec Info: Arimo-BoldItalic scale = 0.8157907230688886.


Package fontspec Info: Font family 'Arimo-Regular.ttf(1)' created for font
(fontspec)             'Arimo-Regular.ttf' with options
(fontspec)             [Scale=MatchLowercase,BoldFont =
(fontspec)             Arimo-Bold.ttf,ItalicFont =
(fontspec)             Arimo-Italic.ttf,BoldItalicFont =
(fontspec)             Arimo-BoldItalic.ttf].
(fontspec)              
(fontspec)              This font family consists of the following NFSS
(fontspec)             series/shapes:
(fontspec)              
(fontspec)             - 'normal' (m/n) with NFSS spec.:
(fontspec)             <->s*[0.8157907230688886]"[Arimo-Regular.ttf]/OT:script=
latn;language=dflt;"
(fontspec)             - 'small caps'  (m/sc) with NFSS spec.: 
(fontspec)             - 'bold' (b/n) with NFSS spec.:
(fontspec)             <->s*[0.8157907230688886]"[Arimo-Bold.ttf]/OT:script=lat
n;language=dflt;"
(fontspec)             - 'bold small caps'  (b/sc) with NFSS spec.: 
(fontspec)             - 'italic' (m/it) with NFSS spec.:
(fontspec)             <->s*[0.8157907230688886]"[Arimo-Italic.ttf]/OT:script=l
atn;language=dflt;"
(fontspec)             - 'italic small caps'  (m/scit) with NFSS spec.: 
(fontspec)             - 'bold italic' (b/it) with NFSS spec.:
(fontspec)             <->s*[0.8157907230688886]"[Arimo-BoldItalic.ttf]/OT:scri
pt=latn;language=dflt;"
(fontspec)             - 'bold italic small caps'  (b/scit) with NFSS spec.: 

LaTeX Font Info:    Overwriting math alphabet `\mathsf' in version `normal'
(Font)                  OT1/cmss/m/n --> TU/Arimo-Regular.ttf(1)/m/n on input l
ine 854.
LaTeX Font Info:    Overwriting math alphabet `\mathsf' in version `bold'
(Font)                  OT1/cmss/bx/n --> TU/Arimo-Regular.ttf(1)/bx/n on input
 line 854.

Package fontspec Info: Font family 'LibertinusMath-Regular.otf(0)' created for
(fontspec)             font 'LibertinusMath-Regular.otf' with options
(fontspec)             [BoldItalicFont={},ItalicFont={},SmallCapsFont={},Script
=Math,AutoFakeBold].
(fontspec)              
(fontspec)              This font family consists of the following NFSS
(fontspec)             series/shapes:
(fontspec)              
(fontspec)             - 'normal' (m/n) with NFSS spec.:
(fontspec)             <->"[LibertinusMath-Regular.otf]/OT:script=math;language
=dflt;"
(fontspec)             - 'small caps'  (m/sc) with NFSS spec.: 
(fontspec)             - 'bold' (b/n) with NFSS spec.:
(fontspec)             <->"[LibertinusMath-Regular.otf]/OT:script=math;language
=dflt;embolden=1.5;"
(fontspec)             - 'bold small caps'  (b/sc) with NFSS spec.: 


Package fontspec Info: Font family 'LibertinusMath-Regular.otf(1)' created for
(fontspec)             font 'LibertinusMath-Regular.otf' with options
(fontspec)             [BoldItalicFont={},ItalicFont={},SmallCapsFont={},Script
=Math,SizeFeatures={{Size=9.855-},{Size=7.665-9.855,Font=LibertinusMath-Regular
.otf,Style=MathScript},{Size=-7.665,Font=LibertinusMath-Regular.otf,Style=MathS
criptScript}},AutoFakeBold].
(fontspec)              
(fontspec)              This font family consists of the following NFSS
(fontspec)             series/shapes:
(fontspec)              
(fontspec)             - 'normal' (m/n) with NFSS spec.:
(fontspec)             <9.855->"[LibertinusMath-Regular.otf]/OT:script=math;lan
guage=dflt;"<7.665-9.855>"[LibertinusMath-Regular.otf]/OT:script=math;language=
dflt;+ssty=0;"<-7.665>"[LibertinusMath-Regular.otf]/OT:script=math;language=dfl
t;+ssty=1;"
(fontspec)             - 'small caps'  (m/sc) with NFSS spec.: 
(fontspec)             - 'bold' (b/n) with NFSS spec.:
(fontspec)             <9.855->"[LibertinusMath-Regular.otf]/OT:script=math;lan
guage=dflt;embolden=1.5;"<7.665-9.855>"[LibertinusMath-Regular.otf]/OT:script=m
ath;language=dflt;embolden=1.5;+ssty=0;"<-7.665>"[LibertinusMath-Regular.otf]/O
T:script=math;language=dflt;embolden=1.5;+ssty=1;"
(fontspec)             - 'bold small caps'  (b/sc) with NFSS spec.: 

LaTeX Font Info:    Encoding `OT1' has changed to `TU' for symbol font
(Font)              `operators' in the math version `normal' on input line 854.

LaTeX Font Info:    Overwriting symbol font `operators' in version `normal'
(Font)                  OT1/cmr/m/n --> TU/LibertinusMath-Regular.otf(1)/m/n on
 input line 854.
LaTeX Font Info:    Encoding `OT1' has changed to `TU' for symbol font
(Font)              `operators' in the math version `bold' on input line 854.
LaTeX Font Info:    Overwriting symbol font `operators' in version `bold'
(Font)                  OT1/cmr/bx/n --> TU/LibertinusMath-Regular.otf(1)/b/n o
n input line 854.

Package fontspec Info: LibertinusMath-Regular scale = 1.0001.


Package fontspec Info: LibertinusMath-Regular scale = 1.0001.


Package fontspec Info: LibertinusMath-Regular scale = 1.0001.


Package fontspec Info: LibertinusMath-Regular scale = 1.0001.


Package fontspec Info: LibertinusMath-Regular scale = 1.0001.


Package fontspec Info: LibertinusMath-Regular scale = 1.0001.


Package fontspec Info: LibertinusMath-Regular scale = 1.0001.


Package fontspec Info: Font family 'LibertinusMath-Regular.otf(2)' created for
(fontspec)             font 'LibertinusMath-Regular.otf' with options
(fontspec)             [BoldItalicFont={},ItalicFont={},SmallCapsFont={},Script
=Math,SizeFeatures={{Size=9.855-},{Size=7.665-9.855,Font=LibertinusMath-Regular
.otf,Style=MathScript},{Size=-7.665,Font=LibertinusMath-Regular.otf,Style=MathS
criptScript}},AutoFakeBold,ScaleAgain=1.0001,FontAdjustment={\fontdimen
(fontspec)             8\font =6.351pt\relax \fontdimen 9\font =5.256pt\relax
(fontspec)             \fontdimen 10\font =5.1465pt\relax \fontdimen 11\font
(fontspec)             =7.665pt\relax \fontdimen 12\font =5.256pt\relax
(fontspec)             \fontdimen 13\font =4.10625pt\relax \fontdimen 14\font
(fontspec)             =4.10625pt\relax \fontdimen 15\font =3.3945pt\relax
(fontspec)             \fontdimen 16\font =2.2995pt\relax \fontdimen 17\font
(fontspec)             =2.2995pt\relax \fontdimen 18\font =2.5185pt\relax
(fontspec)             \fontdimen 19\font =0.49275pt\relax \fontdimen 22\font
(fontspec)             =2.847pt\relax \fontdimen 20\font =0pt\relax \fontdimen
(fontspec)             21\font =0pt\relax }].
(fontspec)              
(fontspec)              This font family consists of the following NFSS
(fontspec)             series/shapes:
(fontspec)              
(fontspec)             - 'normal' (m/n) with NFSS spec.:
(fontspec)             <9.855->s*[1.0001]"[LibertinusMath-Regular.otf]/OT:scrip
t=math;language=dflt;"<7.665-9.855>s*[1.0001]"[LibertinusMath-Regular.otf]/OT:s
cript=math;language=dflt;+ssty=0;"<-7.665>s*[1.0001]"[LibertinusMath-Regular.ot
f]/OT:script=math;language=dflt;+ssty=1;"
(fontspec)             - 'small caps'  (m/sc) with NFSS spec.: 
(fontspec)             and font adjustment code:
(fontspec)             \fontdimen 8\font =6.351pt\relax \fontdimen 9\font
(fontspec)             =5.256pt\relax \fontdimen 10\font =5.1465pt\relax
(fontspec)             \fontdimen 11\font =7.665pt\relax \fontdimen 12\font
(fontspec)             =5.256pt\relax \fontdimen 13\font =4.10625pt\relax
(fontspec)             \fontdimen 14\font =4.10625pt\relax \fontdimen 15\font
(fontspec)             =3.3945pt\relax \fontdimen 16\font =2.2995pt\relax
(fontspec)             \fontdimen 17\font =2.2995pt\relax \fontdimen 18\font
(fontspec)             =2.5185pt\relax \fontdimen 19\font =0.49275pt\relax
(fontspec)             \fontdimen 22\font =2.847pt\relax \fontdimen 20\font
(fontspec)             =0pt\relax \fontdimen 21\font =0pt\relax 
(fontspec)             - 'bold' (b/n) with NFSS spec.:
(fontspec)             <9.855->s*[1.0001]"[LibertinusMath-Regular.otf]/OT:scrip
t=math;language=dflt;embolden=1.5;"<7.665-9.855>s*[1.0001]"[LibertinusMath-Regu
lar.otf]/OT:script=math;language=dflt;embolden=1.5;+ssty=0;"<-7.665>s*[1.0001]"
[LibertinusMath-Regular.otf]/OT:script=math;language=dflt;embolden=1.5;+ssty=1;
"
(fontspec)             - 'bold small caps'  (b/sc) with NFSS spec.: 
(fontspec)             and font adjustment code:
(fontspec)             \fontdimen 8\font =6.351pt\relax \fontdimen 9\font
(fontspec)             =5.256pt\relax \fontdimen 10\font =5.1465pt\relax
(fontspec)             \fontdimen 11\font =7.665pt\relax \fontdimen 12\font
(fontspec)             =5.256pt\relax \fontdimen 13\font =4.10625pt\relax
(fontspec)             \fontdimen 14\font =4.10625pt\relax \fontdimen 15\font
(fontspec)             =3.3945pt\relax \fontdimen 16\font =2.2995pt\relax
(fontspec)             \fontdimen 17\font =2.2995pt\relax \fontdimen 18\font
(fontspec)             =2.5185pt\relax \fontdimen 19\font =0.49275pt\relax
(fontspec)             \fontdimen 22\font =2.847pt\relax \fontdimen 20\font
(fontspec)             =0pt\relax \fontdimen 21\font =0pt\relax 

LaTeX Font Info:    Encoding `OMS' has changed to `TU' for symbol font
(Font)              `symbols' in the math version `normal' on input line 854.
LaTeX Font Info:    Overwriting symbol font `symbols' in version `normal'
(Font)                  OMS/cmsy/m/n --> TU/LibertinusMath-Regular.otf(2)/m/n o
n input line 854.
LaTeX Font Info:    Encoding `OMS' has changed to `TU' for symbol font
(Font)              `symbols' in the math version `bold' on input line 854.
LaTeX Font Info:    Overwriting symbol font `symbols' in version `bold'
(Font)                  OMS/cmsy/b/n --> TU/LibertinusMath-Regular.otf(2)/b/n o
n input line 854.

Package fontspec Info: LibertinusMath-Regular scale = 0.9999.


Package fontspec Info: LibertinusMath-Regular scale = 0.9999.


Package fontspec Info: LibertinusMath-Regular scale = 0.9999.


Package fontspec Info: LibertinusMath-Regular scale = 0.9999.


Package fontspec Info: LibertinusMath-Regular scale = 0.9999.


Package fontspec Info: LibertinusMath-Regular scale = 0.9999.


Package fontspec Info: LibertinusMath-Regular scale = 0.9999.


Package fontspec Info: Font family 'LibertinusMath-Regular.otf(3)' created for
(fontspec)             font 'LibertinusMath-Regular.otf' with options
(fontspec)             [BoldItalicFont={},ItalicFont={},SmallCapsFont={},Script
=Math,SizeFeatures={{Size=9.855-},{Size=7.665-9.855,Font=LibertinusMath-Regular
.otf,Style=MathScript},{Size=-7.665,Font=LibertinusMath-Regular.otf,Style=MathS
criptScript}},AutoFakeBold,ScaleAgain=0.9999,FontAdjustment={\fontdimen
(fontspec)             8\font =0.71175pt\relax \fontdimen 9\font
(fontspec)             =1.6425pt\relax \fontdimen 10\font =1.6425pt\relax
(fontspec)             \fontdimen 11\font =2.7375pt\relax \fontdimen 12\font
(fontspec)             =6.789pt\relax \fontdimen 13\font =0pt\relax }].
(fontspec)              
(fontspec)              This font family consists of the following NFSS
(fontspec)             series/shapes:
(fontspec)              
(fontspec)             - 'normal' (m/n) with NFSS spec.:
(fontspec)             <9.855->s*[0.9999]"[LibertinusMath-Regular.otf]/OT:scrip
t=math;language=dflt;"<7.665-9.855>s*[0.9999]"[LibertinusMath-Regular.otf]/OT:s
cript=math;language=dflt;+ssty=0;"<-7.665>s*[0.9999]"[LibertinusMath-Regular.ot
f]/OT:script=math;language=dflt;+ssty=1;"
(fontspec)             - 'small caps'  (m/sc) with NFSS spec.: 
(fontspec)             and font adjustment code:
(fontspec)             \fontdimen 8\font =0.71175pt\relax \fontdimen 9\font
(fontspec)             =1.6425pt\relax \fontdimen 10\font =1.6425pt\relax
(fontspec)             \fontdimen 11\font =2.7375pt\relax \fontdimen 12\font
(fontspec)             =6.789pt\relax \fontdimen 13\font =0pt\relax 
(fontspec)             - 'bold' (b/n) with NFSS spec.:
(fontspec)             <9.855->s*[0.9999]"[LibertinusMath-Regular.otf]/OT:scrip
t=math;language=dflt;embolden=1.5;"<7.665-9.855>s*[0.9999]"[LibertinusMath-Regu
lar.otf]/OT:script=math;language=dflt;embolden=1.5;+ssty=0;"<-7.665>s*[0.9999]"
[LibertinusMath-Regular.otf]/OT:script=math;language=dflt;embolden=1.5;+ssty=1;
"
(fontspec)             - 'bold small caps'  (b/sc) with NFSS spec.: 
(fontspec)             and font adjustment code:
(fontspec)             \fontdimen 8\font =0.71175pt\relax \fontdimen 9\font
(fontspec)             =1.6425pt\relax \fontdimen 10\font =1.6425pt\relax
(fontspec)             \fontdimen 11\font =2.7375pt\relax \fontdimen 12\font
(fontspec)             =6.789pt\relax \fontdimen 13\font =0pt\relax 

LaTeX Font Info:    Encoding `OMX' has changed to `TU' for symbol font
(Font)              `largesymbols' in the math version `normal' on input line 8
54.
LaTeX Font Info:    Overwriting symbol font `largesymbols' in version `normal'
(Font)                  OMX/cmex/m/n --> TU/LibertinusMath-Regular.otf(3)/m/n o
n input line 854.
LaTeX Font Info:    Encoding `OMX' has changed to `TU' for symbol font
(Font)              `largesymbols' in the math version `bold' on input line 854
.
LaTeX Font Info:    Overwriting symbol font `largesymbols' in version `bold'
(Font)                  OMX/cmex/m/n --> TU/LibertinusMath-Regular.otf(3)/b/n o
n input line 854.

Package fontspec Info: Font family 'XITSMath-Regular.otf(0)' created for font
(fontspec)             'XITSMath-Regular.otf' with options
(fontspec)             [BoldItalicFont={},ItalicFont={},SmallCapsFont={},Script
=Math,SizeFeatures={{Size=9.855-},{Size=7.665-9.855,Font=XITSMath-Regular.otf,S
tyle=MathScript},{Size=-7.665,Font=XITSMath-Regular.otf,Style=MathScriptScript}
},StylisticSet={1}].
(fontspec)              
(fontspec)              This font family consists of the following NFSS
(fontspec)             series/shapes:
(fontspec)              
(fontspec)             - 'normal' (m/n) with NFSS spec.:
(fontspec)             <9.855->"[XITSMath-Regular.otf]/OT:script=math;language=
dflt;+ss01;"<7.665-9.855>"[XITSMath-Regular.otf]/OT:script=math;language=dflt;+
ss01;+ssty=0;"<-7.665>"[XITSMath-Regular.otf]/OT:script=math;language=dflt;+ss0
1;+ssty=1;"
(fontspec)             - 'small caps'  (m/sc) with NFSS spec.: 

\sym__um_fam1=\mathgroup6
LaTeX Font Info:    Overwriting symbol font `__um_fam1' in version `normal'
(Font)                  TU/XITSMath-Regular.otf(0)/m/n --> TU/XITSMath-Regular.
otf(0)/m/n on input line 854.
LaTeX Font Info:    Overwriting symbol font `__um_fam1' in version `bold'
(Font)                  TU/XITSMath-Regular.otf(0)/m/n --> TU/XITSMath-Regular.
otf(0)/b/n on input line 854.

Package fontspec Info: Font family 'XITSMath-Bold.otf(0)' created for font
(fontspec)             'XITSMath-Bold.otf' with options
(fontspec)             [BoldItalicFont={},ItalicFont={},SmallCapsFont={},Script
=Math,SizeFeatures={{Size=9.855-},{Size=7.665-9.855,Font=XITSMath-Bold.otf,Styl
e=MathScript},{Size=-7.665,Font=XITSMath-Bold.otf,Style=MathScriptScript}},Styl
isticSet={1}].
(fontspec)              
(fontspec)              This font family consists of the following NFSS
(fontspec)             series/shapes:
(fontspec)              
(fontspec)             - 'normal' (m/n) with NFSS spec.:
(fontspec)             <9.855->"[XITSMath-Bold.otf]/OT:script=math;language=dfl
t;+ss01;"<7.665-9.855>"[XITSMath-Bold.otf]/OT:script=math;language=dflt;+ss01;+
ssty=0;"<-7.665>"[XITSMath-Bold.otf]/OT:script=math;language=dflt;+ss01;+ssty=1
;"
(fontspec)             - 'small caps'  (m/sc) with NFSS spec.: 

\sym__um_fam2=\mathgroup7
LaTeX Font Info:    Overwriting symbol font `__um_fam2' in version `normal'
(Font)                  TU/XITSMath-Bold.otf(0)/m/n --> TU/XITSMath-Bold.otf(0)
/m/n on input line 854.
LaTeX Font Info:    Overwriting symbol font `__um_fam2' in version `bold'
(Font)                  TU/XITSMath-Bold.otf(0)/m/n --> TU/XITSMath-Bold.otf(0)
/b/n on input line 854.

Package fontspec Info: Font family 'LibertinusSerif-Regular.otf(0)' created
(fontspec)             for font 'LibertinusSerif-Regular.otf' with options
(fontspec)             [Ligatures=TeX,Ligatures={TeX,Common},PunctuationSpace=0
,Numbers={Proportional},BoldFont
(fontspec)             = LibertinusSerif-Semibold.otf,ItalicFont =
(fontspec)             LibertinusSerif-Italic.otf,BoldItalicFont =
(fontspec)             LibertinusSerif-SemiboldItalic.otf,BoldSlantedFont =
(fontspec)             LibertinusSerif-Semibold.otf,SlantedFont =
(fontspec)             LibertinusSerif-Regular.otf,SlantedFeatures =
(fontspec)             {FakeSlant=0.25},BoldSlantedFeatures =
(fontspec)             {FakeSlant=0.25},SmallCapsFeatures = {FakeSlant=0}].
(fontspec)              
(fontspec)              This font family consists of the following NFSS
(fontspec)             series/shapes:
(fontspec)              
(fontspec)             - 'normal' (m/n) with NFSS spec.:
(fontspec)             <->"[LibertinusSerif-Regular.otf]/OT:script=latn;languag
e=dflt;+liga;+pnum;mapping=tex-text;"
(fontspec)             - 'small caps'  (m/sc) with NFSS spec.:
(fontspec)             <->"[LibertinusSerif-Regular.otf]/OT:script=latn;languag
e=dflt;slant=0;+liga;+pnum;+smcp;mapping=tex-text;"
(fontspec)             and font adjustment code:
(fontspec)             \fontdimen 7\font =0\fontdimen 7\font 
(fontspec)             - 'bold' (b/n) with NFSS spec.:
(fontspec)             <->"[LibertinusSerif-Semibold.otf]/OT:script=latn;langua
ge=dflt;+liga;+pnum;mapping=tex-text;"
(fontspec)             - 'bold small caps'  (b/sc) with NFSS spec.:
(fontspec)             <->"[LibertinusSerif-Semibold.otf]/OT:script=latn;langua
ge=dflt;slant=0;+liga;+pnum;+smcp;mapping=tex-text;"
(fontspec)             and font adjustment code:
(fontspec)             \fontdimen 7\font =0\fontdimen 7\font 
(fontspec)             - 'italic' (m/it) with NFSS spec.:
(fontspec)             <->"[LibertinusSerif-Italic.otf]/OT:script=latn;language
=dflt;+liga;+pnum;mapping=tex-text;"
(fontspec)             - 'italic small caps'  (m/scit) with NFSS spec.:
(fontspec)             <->"[LibertinusSerif-Italic.otf]/OT:script=latn;language
=dflt;slant=0;+liga;+pnum;+smcp;mapping=tex-text;"
(fontspec)             and font adjustment code:
(fontspec)             \fontdimen 7\font =0\fontdimen 7\font 
(fontspec)             - 'slanted' (m/sl) with NFSS spec.:
(fontspec)             <->"[LibertinusSerif-Regular.otf]/OT:script=latn;languag
e=dflt;slant=0.25;+liga;+pnum;mapping=tex-text;"
(fontspec)             - 'slanted small caps'  (m/scsl) with NFSS spec.:
(fontspec)             <->"[LibertinusSerif-Regular.otf]/OT:script=latn;languag
e=dflt;slant=0.25;slant=0;+liga;+pnum;+smcp;mapping=tex-text;"
(fontspec)             and font adjustment code:
(fontspec)             \fontdimen 7\font =0\fontdimen 7\font 
(fontspec)             - 'bold italic' (b/it) with NFSS spec.:
(fontspec)             <->"[LibertinusSerif-SemiboldItalic.otf]/OT:script=latn;
language=dflt;+liga;+pnum;mapping=tex-text;"
(fontspec)             - 'bold italic small caps'  (b/scit) with NFSS spec.:
(fontspec)             <->"[LibertinusSerif-SemiboldItalic.otf]/OT:script=latn;
language=dflt;slant=0;+liga;+pnum;+smcp;mapping=tex-text;"
(fontspec)             and font adjustment code:
(fontspec)             \fontdimen 7\font =0\fontdimen 7\font 
(fontspec)             - 'bold slanted' (b/sl) with NFSS spec.:
(fontspec)             <->"[LibertinusSerif-Semibold.otf]/OT:script=latn;langua
ge=dflt;slant=0.25;+liga;+pnum;mapping=tex-text;"
(fontspec)             - 'bold slanted small caps'  (b/scsl) with NFSS spec.:
(fontspec)             <->"[LibertinusSerif-Semibold.otf]/OT:script=latn;langua
ge=dflt;slant=0.25;slant=0;+liga;+pnum;+smcp;mapping=tex-text;"
(fontspec)             and font adjustment code:
(fontspec)             \fontdimen 7\font =0\fontdimen 7\font 


Package fontspec Info: Font family 'LibertinusSerif-Regular.otf(1)' created
(fontspec)             for font 'LibertinusSerif-Regular.otf' with options
(fontspec)             [Ligatures={TeX,Common},PunctuationSpace=0,Numbers={Prop
ortional},BoldFont
(fontspec)             = LibertinusSerif-Semibold.otf,ItalicFont =
(fontspec)             LibertinusSerif-Italic.otf,BoldItalicFont =
(fontspec)             LibertinusSerif-SemiboldItalic.otf,BoldSlantedFont =
(fontspec)             LibertinusSerif-Semibold.otf,SlantedFont =
(fontspec)             LibertinusSerif-Regular.otf,SlantedFeatures =
(fontspec)             {FakeSlant=0.25},BoldSlantedFeatures =
(fontspec)             {FakeSlant=0.25},SmallCapsFeatures = {FakeSlant=0}].
(fontspec)              
(fontspec)              This font family consists of the following NFSS
(fontspec)             series/shapes:
(fontspec)              
(fontspec)             - 'normal' (m/n) with NFSS spec.:
(fontspec)             <->"[LibertinusSerif-Regular.otf]/OT:script=latn;languag
e=dflt;+liga;+pnum;mapping=tex-text;"
(fontspec)             - 'small caps'  (m/sc) with NFSS spec.:
(fontspec)             <->"[LibertinusSerif-Regular.otf]/OT:script=latn;languag
e=dflt;slant=0;+liga;+pnum;+smcp;mapping=tex-text;"
(fontspec)             and font adjustment code:
(fontspec)             \fontdimen 7\font =0\fontdimen 7\font 
(fontspec)             - 'bold' (b/n) with NFSS spec.:
(fontspec)             <->"[LibertinusSerif-Semibold.otf]/OT:script=latn;langua
ge=dflt;+liga;+pnum;mapping=tex-text;"
(fontspec)             - 'bold small caps'  (b/sc) with NFSS spec.:
(fontspec)             <->"[LibertinusSerif-Semibold.otf]/OT:script=latn;langua
ge=dflt;slant=0;+liga;+pnum;+smcp;mapping=tex-text;"
(fontspec)             and font adjustment code:
(fontspec)             \fontdimen 7\font =0\fontdimen 7\font 
(fontspec)             - 'italic' (m/it) with NFSS spec.:
(fontspec)             <->"[LibertinusSerif-Italic.otf]/OT:script=latn;language
=dflt;+liga;+pnum;mapping=tex-text;"
(fontspec)             - 'italic small caps'  (m/scit) with NFSS spec.:
(fontspec)             <->"[LibertinusSerif-Italic.otf]/OT:script=latn;language
=dflt;slant=0;+liga;+pnum;+smcp;mapping=tex-text;"
(fontspec)             and font adjustment code:
(fontspec)             \fontdimen 7\font =0\fontdimen 7\font 
(fontspec)             - 'slanted' (m/sl) with NFSS spec.:
(fontspec)             <->"[LibertinusSerif-Regular.otf]/OT:script=latn;languag
e=dflt;slant=0.25;+liga;+pnum;mapping=tex-text;"
(fontspec)             - 'slanted small caps'  (m/scsl) with NFSS spec.:
(fontspec)             <->"[LibertinusSerif-Regular.otf]/OT:script=latn;languag
e=dflt;slant=0.25;slant=0;+liga;+pnum;+smcp;mapping=tex-text;"
(fontspec)             and font adjustment code:
(fontspec)             \fontdimen 7\font =0\fontdimen 7\font 
(fontspec)             - 'bold italic' (b/it) with NFSS spec.:
(fontspec)             <->"[LibertinusSerif-SemiboldItalic.otf]/OT:script=latn;
language=dflt;+liga;+pnum;mapping=tex-text;"
(fontspec)             - 'bold italic small caps'  (b/scit) with NFSS spec.:
(fontspec)             <->"[LibertinusSerif-SemiboldItalic.otf]/OT:script=latn;
language=dflt;slant=0;+liga;+pnum;+smcp;mapping=tex-text;"
(fontspec)             and font adjustment code:
(fontspec)             \fontdimen 7\font =0\fontdimen 7\font 
(fontspec)             - 'bold slanted' (b/sl) with NFSS spec.:
(fontspec)             <->"[LibertinusSerif-Semibold.otf]/OT:script=latn;langua
ge=dflt;slant=0.25;+liga;+pnum;mapping=tex-text;"
(fontspec)             - 'bold slanted small caps'  (b/scsl) with NFSS spec.:
(fontspec)             <->"[LibertinusSerif-Semibold.otf]/OT:script=latn;langua
ge=dflt;slant=0.25;slant=0;+liga;+pnum;+smcp;mapping=tex-text;"
(fontspec)             and font adjustment code:
(fontspec)             \fontdimen 7\font =0\fontdimen 7\font 

LaTeX Font Info:    Overwriting math alphabet `\mathrm' in version `normal'
(Font)                  TU/LibertinusMath-Regular.otf(1)/m/n --> TU/LibertinusS
erif-Regular.otf(1)/m/n on input line 854.
LaTeX Font Info:    Overwriting math alphabet `\mathit' in version `normal'
(Font)                  OT1/cmr/m/it --> TU/LibertinusSerif-Regular.otf(1)/m/it
 on input line 854.
LaTeX Font Info:    Overwriting math alphabet `\mathbf' in version `normal'
(Font)                  OT1/cmr/bx/n --> TU/LibertinusSerif-Regular.otf(1)/b/n 
on input line 854.

(/usr/share/texlive/texmf-dist/tex/latex/microtype/microtype.sty
Package: microtype 2022/06/23 v3.0f Micro-typographical refinements (RS)
\MT@toks=\toks46
\MT@tempbox=\box67
\MT@count=\count332
LaTeX Info: Redefining \noprotrusionifhmode on input line 1045.
LaTeX Info: Redefining \leftprotrusion on input line 1046.
LaTeX Info: Redefining \rightprotrusion on input line 1056.
LaTeX Info: Redefining \textls on input line 1234.
\MT@outer@kern=\dimen272
LaTeX Info: Redefining \textmicrotypecontext on input line 1858.
\MT@listname@count=\count333

(/usr/share/texlive/texmf-dist/tex/latex/microtype/microtype-xetex.def
File: microtype-xetex.def 2022/06/23 v3.0f Definitions specific to xetex (RS)
LaTeX Info: Redefining \lsstyle on input line 236.
)
Package microtype Info: Loading configuration file microtype.cfg.

(/usr/share/texlive/texmf-dist/tex/latex/microtype/microtype.cfg
File: microtype.cfg 2022/06/23 v3.0f microtype main configuration file (RS)
))
Package scrkbase Info: You've told me to redefine the font selection of the
(scrkbase)             element `sectioning' that is an alias of element
(scrkbase)             `disposition' on input line 856.

(./langsci-series.def)
(/usr/share/texlive/texmf-dist/tex/latex/pst-barcode/pst-barcode.sty
(/usr/share/texlive/texmf-dist/tex/latex/pstricks/pstricks.sty
Package: pstricks 2022/19/23 v0.72 LaTeX wrapper for `PSTricks' (RN,HV)

(/usr/share/texlive/texmf-dist/tex/generic/xkeyval/pst-xkey.tex
File: pst-xkey.tex 2005/11/25 v1.6 PSTricks specialization of xkeyval (HA)

(/usr/share/texlive/texmf-dist/tex/latex/xkeyval/xkeyval.sty
Package: xkeyval 2022/06/16 v2.9 package option processing (HA)

(/usr/share/texlive/texmf-dist/tex/generic/xkeyval/xkeyval.tex
(/usr/share/texlive/texmf-dist/tex/generic/xkeyval/xkvutils.tex
\XKV@toks=\toks47
\XKV@tempa@toks=\toks48
)
\XKV@depth=\count334
File: xkeyval.tex 2014/12/03 v2.7a key=value parser (HA)
)))
(/usr/share/texlive/texmf-dist/tex/generic/pstricks/pstricks.tex
(/usr/share/texlive/texmf-dist/tex/generic/pstricks/pst-fp.tex
`pst-fp' v0.06, 2020/11/20 (hv)
\pstFP@xs=\count335
\pstFP@xia=\count336
\pstFP@xib=\count337
\pstFP@xfa=\count338
\pstFP@xfb=\count339
\pstFP@rega=\count340
\pstFP@regb=\count341
\pstFP@regs=\count342
\pstFP@times=\count343
)
\psLoopIndex=\count344

`PSTricks' v3.18  <2022/11/28> (tvz,hv)
\pst@dima=\dimen273
\pst@dimb=\dimen274
\pst@dimc=\dimen275
\pst@dimd=\dimen276
\pst@dimg=\dimen277
\pst@dimh=\dimen278
\pst@dimm=\dimen279
\pst@dimn=\dimen280
\pst@dimo=\dimen281
\pst@dimp=\dimen282
\pst@hbox=\box68
\pst@ibox=\box69
\pst@boxg=\box70
\pst@cnta=\count345
\pst@cntb=\count346
\pst@cntc=\count347
\pst@cntd=\count348
\pst@cntg=\count349
\pst@cnth=\count350
\pst@cntm=\count351
\pst@cntn=\count352
\pst@cnto=\count353
\pst@cntp=\count354
\@zero=\count355
\pst@toks=\toks49
--- We are running latex or xelatex ---
(/usr/share/texlive/texmf-dist/tex/xelatex/xetex-pstricks/pstricks.con
(/usr/share/texlive/texmf-dist/tex/generic/pstricks/config/xdvipdfmx.cfg))
(/usr/share/texlive/texmf-dist/tex/generic/pstricks/pstricks-color.tex)
\psunit=\dimen283
\psxunit=\dimen284
\psyunit=\dimen285
\pst@C@@rType=\count356
\pslinewidth=\dimen286
\psk@startLW=\dimen287
\psk@endLW=\dimen288

(/usr/share/texlive/texmf-dist/tex/generic/pstricks/pstricks-arrows.tex
\pshooklength=\dimen289
\pshookwidth=\dimen290
)
\pst@customdefs=\toks50

(/usr/share/texlive/texmf-dist/tex/generic/pstricks/pstricks-dots.tex)
\pslinearc=\dimen291
\pst@symbolStep=\dimen292
\pst@symbolWidth=\dimen293
\pst@symbolLinewidth=\dimen294
\everypsbox=\toks51
\psframesep=\dimen295
\pslabelsep=\dimen296
\sh@wgridXunit=\dimen297
\sh@wgridYunit=\dimen298
\pst@shift=\dimen299
\ps@imagectr=\count357

(/usr/share/texlive/texmf-dist/tex/xelatex/xetex-pstricks/pstricks.con
(/usr/share/texlive/texmf-dist/tex/generic/pstricks/config/xdvipdfmx.cfg
Using PSTricks configuration for LaTeX+dvipdfmx
)))
File: pstricks.tex 2022/11/28 v3.18 `PSTricks' (tvz,hv)
 (/usr/share/texlive/texmf-dist/tex/generic/pstricks/pst-fp.tex
`pst-fp' v0.06, 2020/11/20 (hv))
File: pst-fp.tex 2020/11/20 v0.06 `PST-fp' (hv)

>>> Loading XeTeX special macros
(/usr/share/texlive/texmf-dist/tex/generic/pstricks/pstricks-xetex.def))
Package: pst-barcode 2022/08/23 package wrapper for pst-barcode.tex (hv)

(/usr/share/texlive/texmf-dist/tex/generic/pst-barcode/pst-barcode.tex
`PST-barcode' v0.19, 2022/08/21 (tb,hv)
(/usr/share/texlive/texmf-dist/tex/latex/marginnote/marginnote.sty
Package: marginnote 2018/08/09 v1.4b non floating margin notes for LaTeX
\c@mn@abspage=\count358
)
\QR@box=\box71
)
File: pst-barcode.tex 2022/08/21 v0.19 `PST-barcode' (hv)
)
\pgf@layerbox@lspcls_bg=\box72
\pgf@layerboxsaved@lspcls_bg=\box73
\langsci_wheel_loop_count_int=\count359
\langsci_wheel_output_difference_int=\count360

(/usr/share/texlive/texmf-dist/tex/latex/datetime/datetime.sty
Package: datetime 2015/03/20 v2.60 Date Time Package

(/usr/share/texlive/texmf-dist/tex/latex/fmtcount/fmtcount.sty
Invalid UTF-8 byte or sequence at line 10 replaced by U+FFFD.
Invalid UTF-8 byte or sequence at line 22 replaced by U+FFFD.
Package: fmtcount 2020/01/30 v3.07

(/usr/share/texlive/texmf-dist/tex/latex/base/ifthen.sty
Package: ifthen 2022/04/13 v1.1d Standard LaTeX ifthen package (DPC)
)
(/usr/share/texlive/texmf-dist/tex/latex/fmtcount/fcprefix.sty
Invalid UTF-8 byte or sequence at line 10 replaced by U+FFFD.
Invalid UTF-8 byte or sequence at line 22 replaced by U+FFFD.
Package: fcprefix 2012/09/28

(/usr/share/texlive/texmf-dist/tex/latex/fmtcount/fcnumparser.sty
Invalid UTF-8 byte or sequence at line 10 replaced by U+FFFD.
Invalid UTF-8 byte or sequence at line 22 replaced by U+FFFD.
Package: fcnumparser 2017/06/15
\fc@digit@counter=\count361
))
\c@padzeroesN=\count362
\fc@tmpcatcode=\count363
\@DT@modctr=\count364
\@ordinalctr=\count365
\@orgargctr=\count366
\@strctr=\count367
\@tmpstrctr=\count368
\@DT@loopN=\count369
\@DT@X=\count370
)
(/usr/share/texlive/texmf-dist/tex/latex/datetime/datetime-defaults.sty
Package: datetime-defaults 2013/09/10
)
\@day=\count371
\@month=\count372
\@year=\count373
\c@HOUR=\count374
\c@HOURXII=\count375
\c@MINUTE=\count376
\c@TOHOUR=\count377
\c@TOMINUTE=\count378
\c@SECOND=\count379
\currenthour=\count380
\currentminute=\count381
\currentsecond=\count382
Package datetime Info: No datetime.cfg file found, using default settings on in
put line 308.
\@dtctr=\count383
\dayofyear=\count384
\dayofweek=\count385
LaTeX Info: Redefining \today on input line 736.
\dt@a=\toks52
\dt@b=\toks53
)
(/usr/share/texlive/texmf-dist/tex/latex/koma-script/scrlayer-scrpage.sty
Package: scrlayer-scrpage 2022/10/12 v3.38 KOMA-Script package (end user interf
ace for scrlayer)

(/usr/share/texlive/texmf-dist/tex/latex/koma-script/scrlayer.sty
Package: scrlayer 2022/10/12 v3.38 KOMA-Script package (defining layers and pag
e styles)
Package scrlayer Info: patching LaTeX kernel macro \pagestyle on input line 217
6.
)
Package scrlayer-scrpage Info: Makeing stand-alone element `pagehead' from
(scrlayer-scrpage)             alias to `pageheadfoot' on input line 1089.
)
\scr@dte@appendixsection@maxnumwidth=\skip77
Class scrbook Info: using compatibility default `runin=bysign'
(scrbook)           for `\appendixsection on input line 1429.
Class scrbook Info: using compatibility default `afterindent=bysign'
(scrbook)           for `\appendixsection on input line 1429.
\c@appendixsection=\count386
\scr@dte@appendixsubsection@maxnumwidth=\skip78
Class scrbook Info: using compatibility default `runin=bysign'
(scrbook)           for `\appendixsubsection on input line 1451.
Class scrbook Info: using compatibility default `afterindent=bysign'
(scrbook)           for `\appendixsubsection on input line 1451.
\c@appendixsubsection=\count387
\normalparindent=\skip79

(/usr/share/texlive/texmf-dist/tex/generic/babel/babel.sty
Package: babel 2022/12/26 3.84 The Babel package
\babel@savecnt=\count388
\U@D=\dimen300
\l@unhyphenated=\language8

(/usr/share/texlive/texmf-dist/tex/generic/babel/xebabel.def)
\bbl@readstream=\read3
\bbl@dirlevel=\count389

(/usr/share/texlive/texmf-dist/tex/generic/babel-english/english.ldf
Language: english 2017/06/06 v3.3r English support from the babel system
Package babel Info: Hyphen rules for 'british' set to \l@english
(babel)             (\language0). Reported on input line 82.
Package babel Info: Hyphen rules for 'UKenglish' set to \l@english
(babel)             (\language0). Reported on input line 83.
Package babel Info: Hyphen rules for 'canadian' set to \l@english
(babel)             (\language0). Reported on input line 102.
Package babel Info: Hyphen rules for 'australian' set to \l@english
(babel)             (\language0). Reported on input line 105.
Package babel Info: Hyphen rules for 'newzealand' set to \l@english
(babel)             (\language0). Reported on input line 108.
))
(/usr/share/texlive/texmf-dist/tex/generic/babel/locale/en/babel-english.tex
Package babel Info: Importing font and identification data for english
(babel)             from babel-en.ini. Reported on input line 11.
)
(/usr/share/texlive/texmf-dist/tex/latex/biblatex/biblatex.sty
Package: biblatex 2022/07/12 v3.18b programmable bibliographies (PK/MW)

(/usr/share/texlive/texmf-dist/tex/generic/pdftexcmds/pdftexcmds.sty
Package: pdftexcmds 2020-06-27 v0.33 Utility functions of pdfTeX for LuaTeX (HO
)

(/usr/share/texlive/texmf-dist/tex/generic/infwarerr/infwarerr.sty
Package: infwarerr 2019/12/03 v1.5 Providing info/warning/error messages (HO)
)
Package pdftexcmds Info: \pdf@primitive is available.
Package pdftexcmds Info: \pdf@ifprimitive is available.
Package pdftexcmds Info: \pdfdraftmode not found.
)
(/usr/share/texlive/texmf-dist/tex/latex/logreq/logreq.sty
Package: logreq 2010/08/04 v1.0 xml request logger
\lrq@indent=\count390

(/usr/share/texlive/texmf-dist/tex/latex/logreq/logreq.def
File: logreq.def 2010/08/04 v1.0 logreq spec v1.0
))
\c@tabx@nest=\count391
\c@listtotal=\count392
\c@listcount=\count393
\c@liststart=\count394
\c@liststop=\count395
\c@citecount=\count396
\c@citetotal=\count397
\c@multicitecount=\count398
\c@multicitetotal=\count399
\c@instcount=\count400
\c@maxnames=\count401
\c@minnames=\count402
\c@maxitems=\count403
\c@minitems=\count404
\c@citecounter=\count405
\c@maxcitecounter=\count406
\c@savedcitecounter=\count407
\c@uniquelist=\count408
\c@uniquename=\count409
\c@refsection=\count410
\c@refsegment=\count411
\c@maxextratitle=\count412
\c@maxextratitleyear=\count413
\c@maxextraname=\count414
\c@maxextradate=\count415
\c@maxextraalpha=\count416
\c@abbrvpenalty=\count417
\c@highnamepenalty=\count418
\c@lownamepenalty=\count419
\c@maxparens=\count420
\c@parenlevel=\count421
\blx@tempcnta=\count422
\blx@tempcntb=\count423
\blx@tempcntc=\count424
\c@blx@maxsection=\count425
\blx@maxsegment@0=\count426
\blx@notetype=\count427
\blx@parenlevel@text=\count428
\blx@parenlevel@foot=\count429
\blx@sectionciteorder@0=\count430
\blx@sectionciteorderinternal@0=\count431
\blx@entrysetcounter=\count432
\blx@biblioinstance=\count433
\labelnumberwidth=\skip80
\labelalphawidth=\skip81
\biblabelsep=\skip82
\bibitemsep=\skip83
\bibnamesep=\skip84
\bibinitsep=\skip85
\bibparsep=\skip86
\bibhang=\skip87
\blx@bcfin=\read4
\blx@bcfout=\write4
\blx@langwohyphens=\language9
\c@mincomprange=\count434
\c@maxcomprange=\count435
\c@mincompwidth=\count436
Package biblatex Info: Trying to load biblatex default data model...
Package biblatex Info: ... file 'blx-dm.def' found.

(/usr/share/texlive/texmf-dist/tex/latex/biblatex/blx-dm.def
File: blx-dm.def 2022/07/12 v3.18b biblatex localization (PK/MW)
)
Package biblatex Info: Trying to load biblatex style data model...
Package biblatex Info: ... file 'langsci-unified.dbx' not found.
Package biblatex Info: Trying to load biblatex custom data model...
Package biblatex Info: ... file 'biblatex-dm.cfg' not found.
\c@afterword=\count437
\c@savedafterword=\count438
\c@annotator=\count439
\c@savedannotator=\count440
\c@author=\count441
\c@savedauthor=\count442
\c@bookauthor=\count443
\c@savedbookauthor=\count444
\c@commentator=\count445
\c@savedcommentator=\count446
\c@editor=\count447
\c@savededitor=\count448
\c@editora=\count449
\c@savededitora=\count450
\c@editorb=\count451
\c@savededitorb=\count452
\c@editorc=\count453
\c@savededitorc=\count454
\c@foreword=\count455
\c@savedforeword=\count456
\c@holder=\count457
\c@savedholder=\count458
\c@introduction=\count459
\c@savedintroduction=\count460
\c@namea=\count461
\c@savednamea=\count462
\c@nameb=\count463
\c@savednameb=\count464
\c@namec=\count465
\c@savednamec=\count466
\c@translator=\count467
\c@savedtranslator=\count468
\c@shortauthor=\count469
\c@savedshortauthor=\count470
\c@shorteditor=\count471
\c@savedshorteditor=\count472
\c@labelname=\count473
\c@savedlabelname=\count474
\c@institution=\count475
\c@savedinstitution=\count476
\c@lista=\count477
\c@savedlista=\count478
\c@listb=\count479
\c@savedlistb=\count480
\c@listc=\count481
\c@savedlistc=\count482
\c@listd=\count483
\c@savedlistd=\count484
\c@liste=\count485
\c@savedliste=\count486
\c@listf=\count487
\c@savedlistf=\count488
\c@location=\count489
\c@savedlocation=\count490
\c@organization=\count491
\c@savedorganization=\count492
\c@origlocation=\count493
\c@savedoriglocation=\count494
\c@origpublisher=\count495
\c@savedorigpublisher=\count496
\c@publisher=\count497
\c@savedpublisher=\count498
\c@language=\count499
\c@savedlanguage=\count500
\c@origlanguage=\count501
\c@savedoriglanguage=\count502
\c@pageref=\count503
\c@savedpageref=\count504
\shorthandwidth=\skip88
\shortjournalwidth=\skip89
\shortserieswidth=\skip90
\shorttitlewidth=\skip91
\shortauthorwidth=\skip92
\shorteditorwidth=\skip93
\locallabelnumberwidth=\skip94
\locallabelalphawidth=\skip95
\localshorthandwidth=\skip96
\localshortjournalwidth=\skip97
\localshortserieswidth=\skip98
\localshorttitlewidth=\skip99
\localshortauthorwidth=\skip100
\localshorteditorwidth=\skip101
Package biblatex Info: Trying to load enhanced support for Unicode engines...
Package biblatex Info: ... file 'blx-unicode.def' found.

(/usr/share/texlive/texmf-dist/tex/latex/biblatex/blx-unicode.def)
Package biblatex Info: Trying to load compatibility code...
Package biblatex Info: ... file 'blx-compat.def' found.

(/usr/share/texlive/texmf-dist/tex/latex/biblatex/blx-compat.def
File: blx-compat.def 2022/07/12 v3.18b biblatex compatibility (PK/MW)
)
Package biblatex Info: Trying to load generic definitions...
Package biblatex Info: ... file 'biblatex.def' found.

(/usr/share/texlive/texmf-dist/tex/latex/biblatex/biblatex.def
File: biblatex.def 2022/07/12 v3.18b biblatex compatibility (PK/MW)
\c@textcitecount=\count505
\c@textcitetotal=\count506
\c@textcitemaxnames=\count507
\c@biburlbigbreakpenalty=\count508
\c@biburlbreakpenalty=\count509
\c@biburlnumpenalty=\count510
\c@biburlucpenalty=\count511
\c@biburllcpenalty=\count512
\biburlbigskip=\muskip19
\biburlnumskip=\muskip20
\biburlucskip=\muskip21
\biburllcskip=\muskip22
\c@smartand=\count513
)
Package biblatex Info: Trying to load natbib compatibility...
Package biblatex Info: ... file 'blx-natbib.def' found.

(/usr/share/texlive/texmf-dist/tex/latex/biblatex/blx-natbib.def
File: blx-natbib.def 2022/07/12 v3.18b biblatex compatibility (PK/MW)
Package biblatex Info: Delimiter 'nameyeardelim' in context '' already defined,
 overwriting.
)
Package biblatex Info: Trying to load bibliography style 'langsci-unified'...
Package biblatex Info: ... file 'langsci-unified.bbx' not found.


! Package biblatex Error: Style 'langsci-unified' not found.

See the biblatex package documentation for explanation.
Type  H <return>  for immediate help.
 ...                                              
                                                  
l.16128 \RequireBibliographyStyle{\blx@bbxfile}
                                               
The bibliography style 'langsci-unified' could not be found.

Package biblatex Info: Trying to load citation style 'langsci-unified'...
Package biblatex Info: ... file 'langsci-unified.cbx' not found.

! Package biblatex Error: Style 'langsci-unified' not found.

See the biblatex package documentation for explanation.
Type  H <return>  for immediate help.
 ...                                              
                                                  
l.16129 \RequireCitationStyle{\blx@cbxfile}
                                           
The citation style 'langsci-unified' could not be found.

Package biblatex Info: Trying to load configuration file...
Package biblatex Info: ... file 'biblatex.cfg' found.
(/usr/share/texlive/texmf-dist/tex/latex/biblatex/biblatex.cfg
File: biblatex.cfg 
)

! Package xkeyval Error: `isbn' undefined in families `blx@opt@pre'.

See the xkeyval package documentation for explanation.
Type  H <return>  for immediate help.
 ...                                              
                                                  
l.16135 \blx@processoptions
                           
Try typing  <return>  to proceed.
If that doesn't work, type  X <return>  to quit.

Package biblatex Info: XeTeX detected.
(biblatex)             Assuming input encoding 'utf8'.
Package biblatex Info: Document encoding is UTF8 ....
Package biblatex Info: ... and expl3
(biblatex)             2023-01-16 L3 programming layer (loader) 
(biblatex)             is new enough (at least 2020/04/06),
(biblatex)             setting 'casechanger=expl3'.
(/usr/share/texlive/texmf-dist/tex/latex/biblatex/blx-case-expl3.sty
Package: blx-case-expl3 2022/07/12 v3.18b expl3 case changing code for biblatex

))
(/usr/share/texlive/texmf-dist/tex/latex/floatrow/floatrow.sty
Package: floatrow 2008/08/02 v0.3b floatrow: float package extension

(/usr/share/texlive/texmf-dist/tex/latex/caption/caption3.sty
Package: caption3 2022/03/17 v2.3b caption3 kernel (AR)
\caption@tempdima=\dimen301
\captionmargin=\dimen302
\caption@leftmargin=\dimen303
\caption@rightmargin=\dimen304
\caption@width=\dimen305
\caption@indent=\dimen306
\caption@parindent=\dimen307
\caption@hangindent=\dimen308
Package caption Info: KOMA-Script document class detected.

(/usr/share/texlive/texmf-dist/tex/latex/caption/caption-koma.sto
File: caption-koma.sto 2020/09/21 v2.0b Adaption of the caption package to the 
KOMA-Script document classes (AR)
))
\c@float@type=\count514
\float@exts=\toks54
\float@box=\box74
\@floatcapt=\box75
Package floatrow Info: Modified float package code loaded on input line 455.
Package floatrow Info: Modified rotfloat package code loaded on input line 473.

\FR@everyfloat=\toks55
\flrow@foot=\insert252
\FB@wd=\dimen309
\FBo@wd=\dimen310
\FBc@wd=\dimen311
\FBo@ht=\skip102
\FBc@ht=\skip103
\FBf@ht=\skip104
\FBo@max=\skip105
\FBc@max=\skip106
\FBf@max=\skip107
\c@FBl@b=\count515
\floatbox@depth=\count516
\c@FRobj=\count517
\c@FRsobj=\count518
\Xhsize=\skip108
\sXhsize=\skip109
\Zhsize=\skip110
\sZhsize=\skip111
\flrow@rowbox=\box76
\FR@Zunitlength=\dimen312
\c@FBcnt=\count519
\FPOScnt=\count520
\LTleft=\skip112
\LTright=\skip113
\LTleft=\skip114
\LTright=\skip115
\flrow@types=\toks56
)
(/usr/share/texlive/texmf-dist/tex/latex/graphics/rotating.sty
Package: rotating 2016/08/11 v2.16d rotated objects in LaTeX
\c@r@tfl@t=\count521
\rotFPtop=\skip116
\rotFPbot=\skip117
\rot@float@box=\box77
\rot@mess@toks=\toks57
)
(/usr/share/texlive/texmf-dist/tex/latex/booktabs/booktabs.sty
Package: booktabs 2020/01/12 v1.61803398 Publication quality tables
\heavyrulewidth=\dimen313
\lightrulewidth=\dimen314
\cmidrulewidth=\dimen315
\belowrulesep=\dimen316
\belowbottomsep=\dimen317
\aboverulesep=\dimen318
\abovetopsep=\dimen319
\cmidrulesep=\dimen320
\cmidrulekern=\dimen321
\defaultaddspace=\dimen322
\@cmidla=\count522
\@cmidlb=\count523
\@aboverulesep=\dimen323
\@belowrulesep=\dimen324
\@thisruleclass=\count524
\@lastruleclass=\count525
\@thisrulewidth=\dimen325
)
(/usr/share/texlive/texmf-dist/tex/latex/setspace/setspace.sty
Package: setspace 2022/12/04 v6.7b set line spacing
)
(/usr/share/texlive/texmf-dist/tex/latex/caption/caption.sty
Package: caption 2022/03/01 v3.6b Customizing captions (AR)
\c@caption@flags=\count526
\c@continuedfloat=\count527
Package caption Info: float package is loaded.
Package caption Info: floatrow package is loaded.
Package caption Info: rotating package is loaded.
)
(/usr/share/texlive/texmf-dist/tex/latex/index/index.sty
Package: index 2004/01/20 v4.2beta Improved index support (dmj)
\@indexbox=\insert251
\indexproofstyle=\toks58
)
\idxtitle@default=\toks59
\tf@default=\write5
\openout5 = `main.idx'.

Package index Info: Writing index file main.idx on input line 1696.
\idxtitle@lan=\toks60
\tf@lan=\write6
\openout6 = `main.ldx'.

Package index Info: Writing index file main.ldx on input line 1697.
\idxtitle@sbj=\toks61
\tf@sbj=\write7
\openout7 = `main.sdx'.

Package index Info: Writing index file main.sdx on input line 1698.
\openout5 = `main.adx'.

Package index Info: Writing index file main.adx on input line 1699.

(/usr/share/texlive/texmf-dist/tex/latex/authorindex/authorindex.sty
Package: authorindex 2005/03/22 make index of authors cited in a work
)
(/usr/share/texlive/texmf-dist/tex/latex/hyperref/hyperref.sty
Package: hyperref 2022-11-13 v7.00u Hypertext links for LaTeX

(/usr/share/texlive/texmf-dist/tex/generic/kvdefinekeys/kvdefinekeys.sty
Package: kvdefinekeys 2019-12-19 v1.6 Define keys (HO)
)
(/usr/share/texlive/texmf-dist/tex/generic/pdfescape/pdfescape.sty
Package: pdfescape 2019/12/09 v1.15 Implements pdfTeX's escape features (HO)
)
(/usr/share/texlive/texmf-dist/tex/latex/hycolor/hycolor.sty
Package: hycolor 2020-01-27 v1.10 Color options for hyperref/bookmark (HO)
)
(/usr/share/texlive/texmf-dist/tex/latex/letltxmacro/letltxmacro.sty
Package: letltxmacro 2019/12/03 v1.6 Let assignment for LaTeX macros (HO)
)
(/usr/share/texlive/texmf-dist/tex/latex/auxhook/auxhook.sty
Package: auxhook 2019-12-17 v1.6 Hooks for auxiliary files (HO)
)
(/usr/share/texlive/texmf-dist/tex/latex/hyperref/nameref.sty
Package: nameref 2022-05-17 v2.50 Cross-referencing by name of section

(/usr/share/texlive/texmf-dist/tex/latex/refcount/refcount.sty
Package: refcount 2019/12/15 v3.6 Data extraction from label references (HO)
)
(/usr/share/texlive/texmf-dist/tex/generic/gettitlestring/gettitlestring.sty
Package: gettitlestring 2019/12/15 v1.6 Cleanup title references (HO)
)
\c@section@level=\count528
)
\@linkdim=\dimen326
\Hy@linkcounter=\count529
\Hy@pagecounter=\count530

(/usr/share/texlive/texmf-dist/tex/latex/hyperref/pd1enc.def
File: pd1enc.def 2022-11-13 v7.00u Hyperref: PDFDocEncoding definition (HO)
)
(/usr/share/texlive/texmf-dist/tex/generic/intcalc/intcalc.sty
Package: intcalc 2019/12/15 v1.3 Expandable calculations with integers (HO)
)
(/usr/share/texlive/texmf-dist/tex/generic/etexcmds/etexcmds.sty
Package: etexcmds 2019/12/15 v1.7 Avoid name clashes with e-TeX commands (HO)
)
\Hy@SavedSpaceFactor=\count531

(/usr/share/texlive/texmf-dist/tex/latex/hyperref/puenc.def
File: puenc.def 2022-11-13 v7.00u Hyperref: PDF Unicode definition (HO)
)
Package hyperref Info: Option `colorlinks' set `true' on input line 4045.
Package hyperref Info: Option `bookmarks' set `true' on input line 4045.
Package hyperref Info: Option `bookmarksopen' set `true' on input line 4045.
Package hyperref Info: Option `bookmarksnumbered' set `true' on input line 4045
.
Package hyperref Info: Option `hyperindex' set `true' on input line 4045.
Package hyperref Info: Option `breaklinks' set `true' on input line 4045.
Package hyperref Info: Option `draft' set `false' on input line 4045.
Package hyperref Info: Option `plainpages' set `false' on input line 4045.
Package hyperref Info: Option `pdfusetitle' set `true' on input line 4045.
Package hyperref Info: Option `hyperfootnotes' set `false' on input line 4045.
Package hyperref Info: Hyper figures OFF on input line 4162.
Package hyperref Info: Link nesting OFF on input line 4167.
Package hyperref Info: Hyper index ON on input line 4170.
Package hyperref Info: Plain pages OFF on input line 4177.
Package hyperref Info: Backreferencing OFF on input line 4182.
Package hyperref Info: Implicit mode ON; LaTeX internals redefined.
Package hyperref Info: Bookmarks ON on input line 4410.
\c@Hy@tempcnt=\count532
LaTeX Info: Redefining \url on input line 4748.
\XeTeXLinkMargin=\dimen327

(/usr/share/texlive/texmf-dist/tex/generic/bitset/bitset.sty
Package: bitset 2019/12/09 v1.3 Handle bit-vector datatype (HO)

(/usr/share/texlive/texmf-dist/tex/generic/bigintcalc/bigintcalc.sty
Package: bigintcalc 2019/12/15 v1.5 Expandable calculations on big integers (HO
)
))
\Fld@menulength=\count533
\Field@Width=\dimen328
\Fld@charsize=\dimen329
Package hyperref Info: Hyper figures OFF on input line 6027.
Package hyperref Info: Link nesting OFF on input line 6032.
Package hyperref Info: Hyper index ON on input line 6035.
Package hyperref Info: backreferencing OFF on input line 6042.
Package hyperref Info: Link coloring ON on input line 6045.
Package hyperref Info: Link coloring with OCG OFF on input line 6052.
Package hyperref Info: PDF/A mode OFF on input line 6057.

(/usr/share/texlive/texmf-dist/tex/latex/base/atbegshi-ltx.sty
Package: atbegshi-ltx 2021/01/10 v1.0c Emulation of the original atbegshi
package with kernel methods
)
\Hy@abspage=\count534
\c@Item=\count535
)
Package hyperref Info: Driver (autodetected): hxetex.

(/usr/share/texlive/texmf-dist/tex/latex/hyperref/hxetex.def
File: hxetex.def 2022-11-13 v7.00u Hyperref driver for XeTeX

(/usr/share/texlive/texmf-dist/tex/generic/stringenc/stringenc.sty
Package: stringenc 2019/11/29 v1.12 Convert strings between diff. encodings (HO
)
)
\pdfm@box=\box78
\c@Hy@AnnotLevel=\count536
\HyField@AnnotCount=\count537
\Fld@listcount=\count538
\c@bookmark@seq@number=\count539

(/usr/share/texlive/texmf-dist/tex/latex/rerunfilecheck/rerunfilecheck.sty
Package: rerunfilecheck 2022-07-10 v1.10 Rerun checks for auxiliary files (HO)

(/usr/share/texlive/texmf-dist/tex/latex/base/atveryend-ltx.sty
Package: atveryend-ltx 2020/08/19 v1.0a Emulation of the original atveryend pac
kage
with kernel methods
)
(/usr/share/texlive/texmf-dist/tex/generic/uniquecounter/uniquecounter.sty
Package: uniquecounter 2019/12/15 v1.4 Provide unlimited unique counter (HO)
)
Package uniquecounter Info: New unique counter `rerunfilecheck' on input line 2
85.
)
\Hy@SectionHShift=\skip118
)
Package hyperref Info: Option `unicode' set `true' on input line 1826.

(/usr/share/texlive/texmf-dist/tex/latex/bookmark/bookmark.sty
Package: bookmark 2020-11-06 v1.29 PDF bookmarks (HO)

(/usr/share/texlive/texmf-dist/tex/latex/bookmark/bkm-dvipdfm.def
File: bkm-dvipdfm.def 2020-11-06 v1.29 bookmark driver for dvipdfm (HO)
\BKM@id=\count540
))
(/usr/share/texlive/texmf-dist/tex/latex/chngcntr/chngcntr.sty
Package: chngcntr 2018/04/09 v1.1a change counter resetting
Package chngcntr Info: \counterwithout already defined.
(chngcntr)             Quitting chngcntr on input line 21.
)
\LSPTmp=\skip119
\lsSaveValueTopSkip=\skip120
)
(./localmetadata.tex) (./localpackages.tex
(/usr/share/texlive/texmf-dist/tex/latex/tools/tabularx.sty
Package: tabularx 2020/01/15 v2.11c `tabularx' package (DPC)

(/usr/share/texlive/texmf-dist/tex/latex/tools/array.sty
Package: array 2022/09/04 v2.5g Tabular extension package (FMi)
\col@sep=\dimen330
\ar@mcellbox=\box79
\extrarowheight=\dimen331
\NC@list=\toks62
\extratabsurround=\skip121
\backup@length=\skip122
\ar@cellbox=\box80
)
\TX@col@width=\dimen332
\TX@old@table=\dimen333
\TX@old@col=\dimen334
\TX@target=\dimen335
\TX@delta=\dimen336
\TX@cols=\count541
\TX@ftn=\toks63
)
(/usr/share/texlive/texmf-dist/tex/latex/tools/multicol.sty
Package: multicol 2021/11/30 v1.9d multicolumn formatting (FMi)
\c@tracingmulticols=\count542
\mult@box=\box81
\multicol@leftmargin=\dimen337
\c@unbalance=\count543
\c@collectmore=\count544
\doublecol@number=\count545
\multicoltolerance=\count546
\multicolpretolerance=\count547
\full@width=\dimen338
\page@free=\dimen339
\premulticols=\dimen340
\postmulticols=\dimen341
\multicolsep=\skip123
\multicolbaselineskip=\skip124
\partial@page=\box82
\last@line=\box83
\maxbalancingoverflow=\dimen342
\mult@rightbox=\box84
\mult@grightbox=\box85
\mult@firstbox=\box86
\mult@gfirstbox=\box87
\@tempa=\box88
\@tempa=\box89
\@tempa=\box90
\@tempa=\box91
\@tempa=\box92
\@tempa=\box93
\@tempa=\box94
\@tempa=\box95
\@tempa=\box96
\@tempa=\box97
\@tempa=\box98
\@tempa=\box99
\@tempa=\box100
\@tempa=\box101
\@tempa=\box102
\@tempa=\box103
\@tempa=\box104
\@tempa=\box105
\@tempa=\box106
\@tempa=\box107
\@tempa=\box108
\@tempa=\box109
\@tempa=\box110
\@tempa=\box111
\@tempa=\box112
\@tempa=\box113
\@tempa=\box114
\@tempa=\box115
\@tempa=\box116
\@tempa=\box117
\@tempa=\box118
\@tempa=\box119
\@tempa=\box120
\@tempa=\box121
\@tempa=\box122
\@tempa=\box123
\c@minrows=\count548
\c@columnbadness=\count549
\c@finalcolumnbadness=\count550
\last@try=\dimen343
\multicolovershoot=\dimen344
\multicolundershoot=\dimen345
\mult@nat@firstbox=\box124
\colbreak@box=\box125
\mc@col@check@num=\count551
)
(./langsci-optional.sty (/usr/share/texlive/texmf-dist/tex/latex/pbox/pbox.sty
Package: pbox 2011/12/07 v1.2 Dynamic parboxes
\pb@xlen=\skip125
) (/usr/share/texlive/texmf-dist/tex/latex/fancyvrb/fancyvrb.sty
Package: fancyvrb 2023/01/19 4.5a verbatim text (tvz,hv)
\FV@CodeLineNo=\count552
\FV@InFile=\read5
\FV@TabBox=\box126
\c@FancyVerbLine=\count553
\FV@StepNumber=\count554
\FV@OutFile=\write8
)
\rotheight=\skip126
\rotwidth=\skip127

(/usr/share/texlive/texmf-dist/tex/generic/ulem/ulem.sty
\UL@box=\box127
\UL@hyphenbox=\box128
\UL@skip=\skip128
\UL@hook=\toks64
\UL@height=\dimen346
\UL@pe=\count555
\UL@pixel=\dimen347
\ULC@box=\box129
Package: ulem 2019/11/18
\ULdepth=\dimen348
)
\fulllength=\skip129
\fullllength=\skip130

(/usr/share/texlive/texmf-dist/tex/latex/colortbl/colortbl.sty
Package: colortbl 2022/06/20 v1.0f Color table columns (DPC)
\everycr=\toks65
\minrowclearance=\skip131
\rownum=\count556
)
(/usr/share/texlive/texmf-dist/tex/latex/todonotes/todonotes.sty
Package: todonotes 2021/06/04 v1.1.5 Todonotes source and documentation.
Package: todonotes 2021/06/04
\c@@todonotes@numberoftodonotes=\count557
)
(/usr/share/texlive/texmf-dist/tex/generic/pgf/frontendlayer/tikz/libraries/tik
zlibraryarrows.code.tex
File: tikzlibraryarrows.code.tex 2023-01-15 v3.1.10 (3.1.10)

(/usr/share/texlive/texmf-dist/tex/generic/pgf/libraries/pgflibraryarrows.code.
tex
File: pgflibraryarrows.code.tex 2023-01-15 v3.1.10 (3.1.10)
\arrowsize=\dimen349
))
(/usr/share/texlive/texmf-dist/tex/generic/pgf/libraries/pgflibraryarrows.meta.
code.tex
File: pgflibraryarrows.meta.code.tex 2023-01-15 v3.1.10 (3.1.10)
\pgfarrowinset=\dimen350
\pgfarrowlength=\dimen351
\pgfarrowwidth=\dimen352
\pgfarrowlinewidth=\dimen353
)
\c@lsConnectTempGroup=\count558
 (/usr/share/texlive/texmf-dist/tex/latex/psnfss/pifont.sty
Package: pifont 2020/03/25 PSNFSS-v9.3 Pi font support (SPQR) 
LaTeX Font Info:    Trying to load font information for U+pzd on input line 63.


(/usr/share/texlive/texmf-dist/tex/latex/psnfss/upzd.fd
File: upzd.fd 2001/06/04 font definitions for U/pzd.
)
LaTeX Font Info:    Trying to load font information for U+psy on input line 64.


(/usr/share/texlive/texmf-dist/tex/latex/psnfss/upsy.fd
File: upsy.fd 2001/06/04 font definitions for U/psy.
))) (./langsci-lgr.sty)
(./langsci-gb4e.sty
Package: langsci-gb4e 2000/09/05
 (./langsci-cgloss.sty
\lineone=\box130
\linetwo=\box131
\linethree=\box132
\linefour=\box133
\linefive=\box134
\linesix=\box135
\lineseven=\box136
\lineeight=\box137
\wordone=\box138
\wordtwo=\box139
\wordthree=\box140
\wordfour=\box141
\wordfive=\box142
\wordsix=\box143
\wordseven=\box144
\wordeight=\box145
\gline=\box146
\glossglue=\skip132
) (./jambox.sty
\jamwidth=\dimen354
)
\c@fnx=\count559
\@xnumdepth=\count560
\c@xnumi=\count561
\c@xnumii=\count562
\c@xnumiii=\count563
\c@xnumiv=\count564
\c@rxnumi=\count565
\c@rxnumii=\count566
\c@rxnumiii=\count567
\c@rxnumiv=\count568
)
(/usr/share/texlive/texmf-dist/tex/latex/tools/longtable.sty
Package: longtable 2021-09-01 v4.17 Multi-page Table package (DPC)
\LTleft=\skip133
\LTright=\skip134
\LTpre=\skip135
\LTpost=\skip136
\LTchunksize=\count569
\LTcapwidth=\dimen355
\LT@head=\box147
\LT@firsthead=\box148
\LT@foot=\box149
\LT@lastfoot=\box150
\LT@gbox=\box151
\LT@cols=\count570
\LT@rows=\count571
\c@LT@tables=\count572
\c@LT@chunks=\count573
\LT@p@ftn=\toks66
)
Class scrbook Info: longtable captions redefined on input line 12.
)
(/usr/share/texlive/texmf-dist/tex/latex/covington/covington.sty
Package: covington 2022/08/30 v2.8 Covington's linguistic macros
\twoaccsep=\skip137
\c@covexsave=\count574
\examplenumbersep=\skip138
\exampleind=\skip139
\subexamplenumbersep=\skip140
\lineone=\box152
\linetwo=\box153
\linethree=\box154
\wordone=\box155
\wordtwo=\box156
\wordthree=\box157
\gline=\box158
\glossglue=\skip141
\c@covexercise=\count575


! LaTeX Error: Command \ex already defined.
               Or name \end... illegal, see p.192 of the manual.

See the LaTeX manual or LaTeX Companion for explanation.
Type  H <return>  for immediate help.
 ...                                              
                                                  
l.1056 \newcommand{\ex}{\end{covexercise}}
                                          
Your command was ignored.
Type  I <command> <return>  to replace it with another command,
or  <return>  to continue without it.

\reflistindent=\skip142
\reflistitemsep=\skip143
\reflistparsep=\skip144
) (./localhyphenation.tex) (./localcommands.tex

! LaTeX Error: Command \orcid already defined.
               Or name \end... illegal, see p.192 of the manual.

See the LaTeX manual or LaTeX Companion for explanation.
Type  H <return>  for immediate help.
 ...                                              
                                                  
l.1 \newcommand*{\orcid}{}
                          
Your command was ignored.
Type  I <command> <return>  to replace it with another command,
or  <return>  to continue without it.

)
\@quotelevel=\count576
\@quotereset=\count577


LaTeX Warning: Unused global option(s):
    [citecolor=brown].

(./main.aux (./chapters/preface.aux) (./chapters/acknowledgments.aux)
(./chapters/05.aux))
\openout1 = `main.aux'.

LaTeX Font Info:    Checking defaults for OML/cmm/m/it on input line 31.
LaTeX Font Info:    ... okay on input line 31.
LaTeX Font Info:    Checking defaults for OMS/cmsy/m/n on input line 31.
LaTeX Font Info:    ... okay on input line 31.
LaTeX Font Info:    Checking defaults for OT1/cmr/m/n on input line 31.
LaTeX Font Info:    ... okay on input line 31.
LaTeX Font Info:    Checking defaults for T1/cmr/m/n on input line 31.
LaTeX Font Info:    ... okay on input line 31.
LaTeX Font Info:    Checking defaults for TS1/cmr/m/n on input line 31.
LaTeX Font Info:    ... okay on input line 31.
LaTeX Font Info:    Checking defaults for TU/lmr/m/n on input line 31.
LaTeX Font Info:    ... okay on input line 31.
LaTeX Font Info:    Checking defaults for OMX/cmex/m/n on input line 31.
LaTeX Font Info:    ... okay on input line 31.
LaTeX Font Info:    Checking defaults for U/cmr/m/n on input line 31.
LaTeX Font Info:    ... okay on input line 31.
LaTeX Font Info:    Checking defaults for PD1/pdf/m/n on input line 31.
LaTeX Font Info:    ... okay on input line 31.
LaTeX Font Info:    Checking defaults for PU/pdf/m/n on input line 31.
LaTeX Font Info:    ... okay on input line 31.
Package scrbase Info: activating english \partname on input line 31.
Package scrbase Info: activating english \chaptername on input line 31.
Package scrbase Info: activating english \appendixname on input line 31.
Package scrbase Info: activating english \figurename on input line 31.
Package scrbase Info: activating english \tablename on input line 31.
Package scrbase Info: activating english \contentsname on input line 31.
Package scrbase Info: activating english \listfigurename on input line 31.
Package scrbase Info: activating english \listtablename on input line 31.
Package scrbase Info: activating english \bibname on input line 31.
Package scrbase Info: activating english \indexname on input line 31.
\metadatafile=\write9
\openout9 = `langscitmp.bib'.

\tempfile=\write10
\openout10 = `collection_tmp.bib'.


*geometry* driver: auto-detecting
*geometry* detected driver: xetex
*geometry* verbose mode - [ preamble ] result:
* driver: xetex
* paper: custom
* layout: <same size as paper>
* layoutoffset:(h,v)=(0.0pt,0.0pt)
* modes: twoside 
* h-part:(L,W,R)=(58.32814pt, 355.65945pt, 69.70924pt)
* v-part:(T,H,B)=(77.96053pt, 522.96085pt, 81.94476pt)
* \paperwidth=483.69684pt
* \paperheight=682.86613pt
* \textwidth=355.65945pt
* \textheight=522.96085pt
* \oddsidemargin=-13.94185pt
* \evensidemargin=-2.56075pt
* \topmargin=-31.70947pt
* \headheight=17.0pt
* \headsep=20.40001pt
* \topskip=11.0pt plus 6.875pt minus 10.44997pt
* \footskip=47.6pt
* \marginparwidth=50.0pt
* \marginparsep=12.8401pt
* \columnsep=10.0pt
* \skip\footins=10.0pt plus 4.0pt minus 2.0pt
* \hoffset=0.0pt
* \voffset=0.0pt
* \mag=1000
* \@twocolumnfalse
* \@twosidetrue
* \@mparswitchtrue
* \@reversemarginfalse
* (1in=72.27pt=25.4mm, 1cm=28.453pt)

LaTeX Info: Redefining \microtypecontext on input line 31.
Package microtype Info: Applying patch `item' on input line 31.
Package microtype Info: Applying patch `toc' on input line 31.
Package microtype Info: Applying patch `eqnum' on input line 31.
Package microtype Info: Applying patch `footnote' on input line 31.
Package microtype Info: Character protrusion enabled (level 2).
Package microtype Info: Using default protrusion set `alltext'.
Package microtype Info: No adjustment of tracking.
Package microtype Info: No adjustment of spacing.
Package microtype Info: No adjustment of kerning.
Package microtype Info: Loading generic protrusion settings for font family
(microtype)             `LibertinusSerif-Regular.otf' (encoding: TU).
(microtype)             For optimal results, create family-specific settings.
(microtype)             See the microtype manual for details.
Package biblatex Info: Trying to load language 'english'...
Package biblatex Info: ... file 'english.lbx' found.
(/usr/share/texlive/texmf-dist/tex/latex/biblatex/lbx/english.lbx
File: english.lbx 2022/07/12 v3.18b biblatex localization (PK/MW)
)
Package biblatex Info: XeTeX detected.
(biblatex)             Assuming input encoding 'utf8'.
Package biblatex Info: Automatic encoding selection.
(biblatex)             Assuming data encoding 'utf8'.
\openout4 = `main.bcf'.

Package biblatex Info: Trying to load bibliographic data...
Package biblatex Info: ... file 'main.bbl' not found.

No file main.bbl.
Package biblatex Info: Reference section=0 on input line 31.
Package biblatex Info: Reference segment=0 on input line 31.
Package caption Info: Begin \AtBeginDocument code.
Package caption Info: hyperref package is loaded.
Package caption Info: longtable package is loaded.
(/usr/share/texlive/texmf-dist/tex/latex/caption/ltcaption.sty
Package: ltcaption 2021/01/08 v1.4c longtable captions (AR)
)
Package caption Info: Fixing longtable code of `floatrow' package.
Package caption Info: End \AtBeginDocument code.

(/usr/share/texlive/texmf-dist/tex/latex/floatrow/fr-longtable.sty
Package: fr-longtable 2007/11/28 v0.1b (beta) floatrow: additions for longtable

\flrow@LT@lasthead=\box159
\flrow@LT@prelastfoot=\box160
\c@FBLTpage=\count578
)
Package hyperref Info: Link coloring ON on input line 31.
LaTeX Font Info:    Font shape `TU/Arimo-Regular.ttf(0)/m/n' will be
(Font)              scaled to size 8.93295pt on input line 32.
Package microtype Info: Loading generic protrusion settings for font family
(microtype)             `Arimo-Regular.ttf' (encoding: TU).
(microtype)             For optimal results, create family-specific settings.
(microtype)             See the microtype manual for details.

Package fontspec Info: Arimo-Regular scale = 0.812005781597008.


Package fontspec Info: Arimo-Regular scale = 0.9564080491781695.


Package fontspec Info: Arimo-Regular scale = 0.812005781597008.


Package fontspec Info: Arimo-Regular scale = 0.9564080491781695.


Package fontspec Info: Arimo-Bold scale = 0.812005781597008.


Package fontspec Info: Arimo-Bold scale = 0.9564080491781695.


Package fontspec Info: Arimo-Italic scale = 0.812005781597008.


Package fontspec Info: Arimo-Italic scale = 0.9564080491781695.


Package fontspec Info: Arimo-BoldItalic scale = 0.812005781597008.


Package fontspec Info: Arimo-BoldItalic scale = 0.9564080491781695.


Package fontspec Info: Font family 'Arimo-Regular.ttf(2)' created for font
(fontspec)             'Arimo-Regular.ttf' with options
(fontspec)             [Ligatures=TeX,Scale=MatchLowercase,BoldFont =
(fontspec)             Arimo-Bold.ttf,ItalicFont =
(fontspec)             Arimo-Italic.ttf,BoldItalicFont =
(fontspec)             Arimo-BoldItalic.ttf,Scale=MatchUppercase].
(fontspec)              
(fontspec)              This font family consists of the following NFSS
(fontspec)             series/shapes:
(fontspec)              
(fontspec)             - 'normal' (m/n) with NFSS spec.:
(fontspec)             <->s*[0.9564080491781695]"[Arimo-Regular.ttf]/OT:script=
latn;language=dflt;mapping=tex-text;"
(fontspec)             - 'small caps'  (m/sc) with NFSS spec.: 
(fontspec)             - 'bold' (b/n) with NFSS spec.:
(fontspec)             <->s*[0.9564080491781695]"[Arimo-Bold.ttf]/OT:script=lat
n;language=dflt;mapping=tex-text;"
(fontspec)             - 'bold small caps'  (b/sc) with NFSS spec.: 
(fontspec)             - 'italic' (m/it) with NFSS spec.:
(fontspec)             <->s*[0.9564080491781695]"[Arimo-Italic.ttf]/OT:script=l
atn;language=dflt;mapping=tex-text;"
(fontspec)             - 'italic small caps'  (m/scit) with NFSS spec.: 
(fontspec)             - 'bold italic' (b/it) with NFSS spec.:
(fontspec)             <->s*[0.9564080491781695]"[Arimo-BoldItalic.ttf]/OT:scri
pt=latn;language=dflt;mapping=tex-text;"
(fontspec)             - 'bold italic small caps'  (b/scit) with NFSS spec.: 

LaTeX Font Info:    Font shape `TU/Arimo-Regular.ttf(2)/m/n' will be
(Font)              scaled to size 10.47263pt on input line 32.
LaTeX Font Info:    Font shape `TU/Arimo-Regular.ttf(2)/m/n' will be
(Font)              scaled to size 49.7331pt on input line 32.
LaTeX Font Info:    Font shape `TU/Arimo-Regular.ttf(0)/m/n' will be
(Font)              scaled to size 13.86853pt on input line 32.

(/usr/share/texlive/texmf-dist/tex/generic/stringenc/se-ascii-print.def
File: se-ascii-print.def 2019/11/29 v1.12 stringenc: Printable ASCII characters

)
[1



]
LaTeX Font Info:    Font shape `TU/Arimo-Regular.ttf(0)/m/n' will be
(Font)              scaled to size 8.15796pt on input line 32.
 [2

]

Package fontspec Info: Arimo-Regular scale = 0.812005781597008.


Package fontspec Info: Arimo-Regular scale = 0.9564080491781695.

 [3

]
! Undefined control sequence.
\lsImpressumCitationText ...e }{}\fullciteImprint 
                                                  {langsci-current-book} 
l.32 \maketitle
               
The control sequence at the end of the top line
of your error message was never \def'ed. If you have
misspelled it (e.g., `\hobx'), type `I' and the correct
spelling (e.g., `I\hbox'). Otherwise just continue,
and I'll forget about whatever was undefined.

Package microtype Info: Loading generic protrusion settings for font family
(microtype)             `LibertinusMath-Regular.otf' (encoding: TU).
(microtype)             For optimal results, create family-specific settings.
(microtype)             See the microtype manual for details.
LaTeX Font Info:    Font shape `TU/LibertinusMath-Regular.otf(2)/m/n' will be
(Font)              scaled to size 10.95116pt on input line 32.
LaTeX Font Info:    Font shape `TU/LibertinusMath-Regular.otf(2)/m/n' will be
(Font)              scaled to size 8.76093pt on input line 32.
LaTeX Font Info:    Font shape `TU/LibertinusMath-Regular.otf(2)/m/n' will be
(Font)              scaled to size 6.5707pt on input line 32.
LaTeX Font Info:    Font shape `TU/LibertinusMath-Regular.otf(3)/m/n' will be
(Font)              scaled to size 10.94882pt on input line 32.
LaTeX Font Info:    Font shape `TU/LibertinusMath-Regular.otf(3)/m/n' will be
(Font)              scaled to size 8.75905pt on input line 32.
LaTeX Font Info:    Font shape `TU/LibertinusMath-Regular.otf(3)/m/n' will be
(Font)              scaled to size 6.5693pt on input line 32.
LaTeX Font Info:    Trying to load font information for U+msa on input line 32.

(/usr/share/texlive/texmf-dist/tex/latex/amsfonts/umsa.fd
File: umsa.fd 2013/01/14 v3.01 AMS symbols A
)
(/usr/share/texlive/texmf-dist/tex/latex/microtype/mt-msa.cfg
File: mt-msa.cfg 2006/02/04 v1.1 microtype config. file: AMS symbols (a) (RS)
)
LaTeX Font Info:    Trying to load font information for U+msb on input line 32.


(/usr/share/texlive/texmf-dist/tex/latex/amsfonts/umsb.fd
File: umsb.fd 2013/01/14 v3.01 AMS symbols B
)
(/usr/share/texlive/texmf-dist/tex/latex/microtype/mt-msb.cfg
File: mt-msb.cfg 2005/06/01 v1.0 microtype config. file: AMS symbols (b) (RS)
)
Package microtype Info: Loading generic protrusion settings for font family
(microtype)             `XITSMath-Regular.otf' (encoding: TU).
(microtype)             For optimal results, create family-specific settings.
(microtype)             See the microtype manual for details.
Package microtype Info: Loading generic protrusion settings for font family
(microtype)             `XITSMath-Bold.otf' (encoding: TU).
(microtype)             For optimal results, create family-specific settings.
(microtype)             See the microtype manual for details.

Package fontspec Info: Font family 'LibertinusSerif-Regular.otf(2)' created
(fontspec)             for font 'LibertinusSerif-Regular.otf' with options
(fontspec)             [Ligatures=TeX,Ligatures={TeX,Common},PunctuationSpace=0
,Numbers={Proportional},BoldFont
(fontspec)             = LibertinusSerif-Semibold.otf,ItalicFont =
(fontspec)             LibertinusSerif-Italic.otf,BoldItalicFont =
(fontspec)             LibertinusSerif-SemiboldItalic.otf,BoldSlantedFont =
(fontspec)             LibertinusSerif-Semibold.otf,SlantedFont =
(fontspec)             LibertinusSerif-Regular.otf,SlantedFeatures =
(fontspec)             {FakeSlant=0.25},BoldSlantedFeatures =
(fontspec)             {FakeSlant=0.25},SmallCapsFeatures =
(fontspec)             {FakeSlant=0},Numbers={Monospaced,Lining}].
(fontspec)              
(fontspec)              This font family consists of the following NFSS
(fontspec)             series/shapes:
(fontspec)              
(fontspec)             - 'normal' (m/n) with NFSS spec.:
(fontspec)             <->"[LibertinusSerif-Regular.otf]/OT:script=latn;languag
e=dflt;+liga;+tnum;+lnum;mapping=tex-text;"
(fontspec)             - 'small caps'  (m/sc) with NFSS spec.:
(fontspec)             <->"[LibertinusSerif-Regular.otf]/OT:script=latn;languag
e=dflt;slant=0;+liga;+tnum;+lnum;+smcp;mapping=tex-text;"
(fontspec)             and font adjustment code:
(fontspec)             \fontdimen 7\font =0\fontdimen 7\font 
(fontspec)             - 'bold' (b/n) with NFSS spec.:
(fontspec)             <->"[LibertinusSerif-Semibold.otf]/OT:script=latn;langua
ge=dflt;+liga;+tnum;+lnum;mapping=tex-text;"
(fontspec)             - 'bold small caps'  (b/sc) with NFSS spec.:
(fontspec)             <->"[LibertinusSerif-Semibold.otf]/OT:script=latn;langua
ge=dflt;slant=0;+liga;+tnum;+lnum;+smcp;mapping=tex-text;"
(fontspec)             and font adjustment code:
(fontspec)             \fontdimen 7\font =0\fontdimen 7\font 
(fontspec)             - 'italic' (m/it) with NFSS spec.:
(fontspec)             <->"[LibertinusSerif-Italic.otf]/OT:script=latn;language
=dflt;+liga;+tnum;+lnum;mapping=tex-text;"
(fontspec)             - 'italic small caps'  (m/scit) with NFSS spec.:
(fontspec)             <->"[LibertinusSerif-Italic.otf]/OT:script=latn;language
=dflt;slant=0;+liga;+tnum;+lnum;+smcp;mapping=tex-text;"
(fontspec)             and font adjustment code:
(fontspec)             \fontdimen 7\font =0\fontdimen 7\font 
(fontspec)             - 'slanted' (m/sl) with NFSS spec.:
(fontspec)             <->"[LibertinusSerif-Regular.otf]/OT:script=latn;languag
e=dflt;slant=0.25;+liga;+tnum;+lnum;mapping=tex-text;"
(fontspec)             - 'slanted small caps'  (m/scsl) with NFSS spec.:
(fontspec)             <->"[LibertinusSerif-Regular.otf]/OT:script=latn;languag
e=dflt;slant=0.25;slant=0;+liga;+tnum;+lnum;+smcp;mapping=tex-text;"
(fontspec)             and font adjustment code:
(fontspec)             \fontdimen 7\font =0\fontdimen 7\font 
(fontspec)             - 'bold italic' (b/it) with NFSS spec.:
(fontspec)             <->"[LibertinusSerif-SemiboldItalic.otf]/OT:script=latn;
language=dflt;+liga;+tnum;+lnum;mapping=tex-text;"
(fontspec)             - 'bold italic small caps'  (b/scit) with NFSS spec.:
(fontspec)             <->"[LibertinusSerif-SemiboldItalic.otf]/OT:script=latn;
language=dflt;slant=0;+liga;+tnum;+lnum;+smcp;mapping=tex-text;"
(fontspec)             and font adjustment code:
(fontspec)             \fontdimen 7\font =0\fontdimen 7\font 
(fontspec)             - 'bold slanted' (b/sl) with NFSS spec.:
(fontspec)             <->"[LibertinusSerif-Semibold.otf]/OT:script=latn;langua
ge=dflt;slant=0.25;+liga;+tnum;+lnum;mapping=tex-text;"
(fontspec)             - 'bold slanted small caps'  (b/scsl) with NFSS spec.:
(fontspec)             <->"[LibertinusSerif-Semibold.otf]/OT:script=latn;langua
ge=dflt;slant=0.25;slant=0;+liga;+tnum;+lnum;+smcp;mapping=tex-text;"
(fontspec)             and font adjustment code:
(fontspec)             \fontdimen 7\font =0\fontdimen 7\font 

 [4]
Package tocbasic Info: character protrusion at toc deactivated on input line 37
.
 (./main.toc)
\tf@toc=\write11
\openout11 = `main.toc'.

[1




]
\openout2 = `chapters/preface.aux'.

 (./chapters/preface.tex [2



]
chapter without number
\blx@maxsegment@1=\count579
\blx@sectionciteorder@1=\count580
Package biblatex Info: Reference section=1 on input line 2.
Package biblatex Info: Setting label 'refsection:1' on input line 2.

Package biblatex Warning: '\textcite' not defined by citation style.
(biblatex)                Falling back to '\cite' on input line 3.


! Package biblatex Error: Command '\cite' undefined.

See the biblatex package documentation for explanation.
Type  H <return>  for immediate help.
 ...                                              
                                                  
l.3 ... abstract and no authors, but cites \citet{
                                                  Nordhoff2018} nevertheless.
The citation command '\cite' has not been defined
by the selected citation style.


LaTeX Warning: Empty bibliography on input line 6.

Package biblatex Info: Reference section=0 on input line 7.
) [3]
\openout2 = `chapters/acknowledgments.aux'.

 (./chapters/acknowledgments.tex [4





]
chapter without number
) [5] [6




]
\blx@maxsegment@2=\count581
\blx@sectionciteorder@2=\count582
Package biblatex Info: Reference section=2 on input line 49.
Package biblatex Info: Setting label 'refsection:2' on input line 49.
\openout2 = `chapters/05.aux'.

 (./chapters/05.tex
chapter 1.
LaTeX Font Info:    Font shape `TU/LibertinusMath-Regular.otf(2)/m/n' will be
(Font)              scaled to size 14.40152pt on input line 21.
LaTeX Font Info:    Font shape `TU/LibertinusMath-Regular.otf(2)/m/n' will be
(Font)              scaled to size 10.00107pt on input line 21.
LaTeX Font Info:    Font shape `TU/LibertinusMath-Regular.otf(2)/m/n' will be
(Font)              scaled to size 7.00075pt on input line 21.
LaTeX Font Info:    Font shape `TU/LibertinusMath-Regular.otf(3)/m/n' will be
(Font)              scaled to size 14.39845pt on input line 21.
LaTeX Font Info:    Font shape `TU/LibertinusMath-Regular.otf(3)/m/n' will be
(Font)              scaled to size 9.99893pt on input line 21.
LaTeX Font Info:    Font shape `TU/LibertinusMath-Regular.otf(3)/m/n' will be
(Font)              scaled to size 6.99925pt on input line 21.
(./chapters/05-abs.tex

Package biblatex Warning: '\parencite' not defined by citation style.
(biblatex)                Falling back to '\cite' on input line 1.


! Package biblatex Error: Command '\cite' undefined.

See the biblatex package documentation for explanation.
Type  H <return>  for immediate help.
 ...                                              
                                                  
l.1 ...contact from previous literature \parencite
                                                  {Kauhanen2022} predicts a ...

The citation command '\cite' has not been defined
by the selected citation style.


Package biblatex Warning: '\textcite' not defined by citation style.
(biblatex)                Falling back to '\cite' on input line 1.


! Package biblatex Error: Command '\cite' undefined.

See the biblatex package documentation for explanation.
Type  H <return>  for immediate help.
 ...                                              
                                                  
l.1 ... the two specific case studies of \textcite
                                                  {Kauhanen2022} are revisit...

The citation command '\cite' has not been defined
by the selected citation style.

) (./chapters/05-content.tex

LaTeX Warning: Reference `ch:intro' on page 1 undefined on input line 4.


LaTeX Warning: Reference `ch:george' on page 1 undefined on input line 8.

! Undefined control sequence.
l.21 the native \autocite
                         [pp.~57--58]{Tru2011}.
The control sequence at the end of the top line
of your error message was never \def'ed. If you have
misspelled it (e.g., `\hobx'), type `I' and the correct
spelling (e.g., `I\hbox'). Otherwise just continue,
and I'll forget about whatever was undefined.


Overfull \hbox (6.29366pt too wide) in paragraph at lines 15--22
\TU/LibertinusSerif-Regular.otf(0)/m/n/10.95 pects of the non-native variety co
uld transfer to the native [pp. 57–58]Tru2011. 
 []

! Undefined control sequence.
\lsCollectionPaperCitationText ->\fullciteFooter 
                                                 {chapters/05footer}
l.22 \end{quote}
                
The control sequence at the end of the top line
of your error message was never \def'ed. If you have
misspelled it (e.g., `\hobx'), type `I' and the correct
spelling (e.g., `I\hbox'). Otherwise just continue,
and I'll forget about whatever was undefined.

[1



]
! Undefined control sequence.
l.53 ...e power of mechanistic modelling \autocite
                                                  {GeritzKisdi2012}. It
The control sequence at the end of the top line
of your error message was never \def'ed. If you have
misspelled it (e.g., `\hobx'), type `I' and the correct
spelling (e.g., `I\hbox'). Otherwise just continue,
and I'll forget about whatever was undefined.


Package fontspec Info: Font family 'LibertinusSerif-Regular.otf(3)' created
(fontspec)             for font 'LibertinusSerif-Regular.otf' with options
(fontspec)             [Ligatures=TeX,Ligatures={TeX,Common},PunctuationSpace=0
,Numbers={Proportional},BoldFont
(fontspec)             = LibertinusSerif-Semibold.otf,ItalicFont =
(fontspec)             LibertinusSerif-Italic.otf,BoldItalicFont =
(fontspec)             LibertinusSerif-SemiboldItalic.otf,BoldSlantedFont =
(fontspec)             LibertinusSerif-Semibold.otf,SlantedFont =
(fontspec)             LibertinusSerif-Regular.otf,SlantedFeatures =
(fontspec)             {FakeSlant=0.25},BoldSlantedFeatures =
(fontspec)             {FakeSlant=0.25},SmallCapsFeatures =
(fontspec)             {FakeSlant=0},Numbers=Lining].
(fontspec)              
(fontspec)              This font family consists of the following NFSS
(fontspec)             series/shapes:
(fontspec)              
(fontspec)             - 'normal' (m/n) with NFSS spec.:
(fontspec)             <->"[LibertinusSerif-Regular.otf]/OT:script=latn;languag
e=dflt;+liga;+pnum;+lnum;mapping=tex-text;"
(fontspec)             - 'small caps'  (m/sc) with NFSS spec.:
(fontspec)             <->"[LibertinusSerif-Regular.otf]/OT:script=latn;languag
e=dflt;slant=0;+liga;+pnum;+lnum;+smcp;mapping=tex-text;"
(fontspec)             and font adjustment code:
(fontspec)             \fontdimen 7\font =0\fontdimen 7\font 
(fontspec)             - 'bold' (b/n) with NFSS spec.:
(fontspec)             <->"[LibertinusSerif-Semibold.otf]/OT:script=latn;langua
ge=dflt;+liga;+pnum;+lnum;mapping=tex-text;"
(fontspec)             - 'bold small caps'  (b/sc) with NFSS spec.:
(fontspec)             <->"[LibertinusSerif-Semibold.otf]/OT:script=latn;langua
ge=dflt;slant=0;+liga;+pnum;+lnum;+smcp;mapping=tex-text;"
(fontspec)             and font adjustment code:
(fontspec)             \fontdimen 7\font =0\fontdimen 7\font 
(fontspec)             - 'italic' (m/it) with NFSS spec.:
(fontspec)             <->"[LibertinusSerif-Italic.otf]/OT:script=latn;language
=dflt;+liga;+pnum;+lnum;mapping=tex-text;"
(fontspec)             - 'italic small caps'  (m/scit) with NFSS spec.:
(fontspec)             <->"[LibertinusSerif-Italic.otf]/OT:script=latn;language
=dflt;slant=0;+liga;+pnum;+lnum;+smcp;mapping=tex-text;"
(fontspec)             and font adjustment code:
(fontspec)             \fontdimen 7\font =0\fontdimen 7\font 
(fontspec)             - 'slanted' (m/sl) with NFSS spec.:
(fontspec)             <->"[LibertinusSerif-Regular.otf]/OT:script=latn;languag
e=dflt;slant=0.25;+liga;+pnum;+lnum;mapping=tex-text;"
(fontspec)             - 'slanted small caps'  (m/scsl) with NFSS spec.:
(fontspec)             <->"[LibertinusSerif-Regular.otf]/OT:script=latn;languag
e=dflt;slant=0.25;slant=0;+liga;+pnum;+lnum;+smcp;mapping=tex-text;"
(fontspec)             and font adjustment code:
(fontspec)             \fontdimen 7\font =0\fontdimen 7\font 
(fontspec)             - 'bold italic' (b/it) with NFSS spec.:
(fontspec)             <->"[LibertinusSerif-SemiboldItalic.otf]/OT:script=latn;
language=dflt;+liga;+pnum;+lnum;mapping=tex-text;"
(fontspec)             - 'bold italic small caps'  (b/scit) with NFSS spec.:
(fontspec)             <->"[LibertinusSerif-SemiboldItalic.otf]/OT:script=latn;
language=dflt;slant=0;+liga;+pnum;+lnum;+smcp;mapping=tex-text;"
(fontspec)             and font adjustment code:
(fontspec)             \fontdimen 7\font =0\fontdimen 7\font 
(fontspec)             - 'bold slanted' (b/sl) with NFSS spec.:
(fontspec)             <->"[LibertinusSerif-Semibold.otf]/OT:script=latn;langua
ge=dflt;slant=0.25;+liga;+pnum;+lnum;mapping=tex-text;"
(fontspec)             - 'bold slanted small caps'  (b/scsl) with NFSS spec.:
(fontspec)             <->"[LibertinusSerif-Semibold.otf]/OT:script=latn;langua
ge=dflt;slant=0.25;slant=0;+liga;+pnum;+lnum;+smcp;mapping=tex-text;"
(fontspec)             and font adjustment code:
(fontspec)             \fontdimen 7\font =0\fontdimen 7\font 

LaTeX Font Info:    Font shape `TU/LibertinusMath-Regular.otf(2)/m/n' will be
(Font)              scaled to size 9.00096pt on input line 66.
LaTeX Font Info:    Font shape `TU/LibertinusMath-Regular.otf(2)/m/n' will be
(Font)              scaled to size 6.00064pt on input line 66.
LaTeX Font Info:    Font shape `TU/LibertinusMath-Regular.otf(2)/m/n' will be
(Font)              scaled to size 5.00053pt on input line 66.
LaTeX Font Info:    Font shape `TU/LibertinusMath-Regular.otf(3)/m/n' will be
(Font)              scaled to size 8.99904pt on input line 66.
LaTeX Font Info:    Font shape `TU/LibertinusMath-Regular.otf(3)/m/n' will be
(Font)              scaled to size 5.99936pt on input line 66.
LaTeX Font Info:    Font shape `TU/LibertinusMath-Regular.otf(3)/m/n' will be
(Font)              scaled to size 4.99947pt on input line 66.

LaTeX Warning: Reference `ch:george' on page 2 undefined on input line 66.

[2]

Package biblatex Warning: '\textcite' not defined by citation style.
(biblatex)                Falling back to '\cite' on input line 72.


! Package biblatex Error: Command '\cite' undefined.

See the biblatex package documentation for explanation.
Type  H <return>  for immediate help.
 ...                                              
                                                  
l.72 ...er builds upon work published in \textcite
                                                  {Kauhanen2022}. In
The citation command '\cite' has not been defined
by the selected citation style.


Package biblatex Warning: '\textcite' not defined by citation style.
(biblatex)                Falling back to '\cite' on input line 99.


! Package biblatex Error: Command '\cite' undefined.

See the biblatex package documentation for explanation.
Type  H <return>  for immediate help.
 ...                                              
                                                  
l.99 ...d on the deterministic limit, in \textcite
                                                  {Kauhanen2022}.
The citation command '\cite' has not been defined
by the selected citation style.


LaTeX Warning: Reference `ch:raquel' on page 3 undefined on input line 127.

! Undefined control sequence.
l.128 ... capacities of the two grammars \autocite
                                                  [cf.][]{Yang2000} and
The control sequence at the end of the top line
of your error message was never \def'ed. If you have
misspelled it (e.g., `\hobx'), type `I' and the correct
spelling (e.g., `I\hbox'). Otherwise just continue,
and I'll forget about whatever was undefined.

[3]
File: figures/ch5/venn.pdf Graphic file (type pdf)
<use figures/ch5/venn.pdf>


Package biblatex Warning: '\textcite' not defined by citation style.
(biblatex)                Falling back to '\cite' on input line 156.


! Package biblatex Error: Command '\cite' undefined.

See the biblatex package documentation for explanation.
Type  H <return>  for immediate help.
 ...                                              
                                                  
l.156 \textcite
               {Yang2002}, itself founded upon the pioneering work of
The citation command '\cite' has not been defined
by the selected citation style.


Package biblatex Warning: '\textcite' not defined by citation style.
(biblatex)                Falling back to '\cite' on input line 157.


! Package biblatex Error: Command '\cite' undefined.

See the biblatex package documentation for explanation.
Type  H <return>  for immediate help.
 ...                                              
                                                  
l.157 \textcite
               {BushMosteller1955} on general statistical mechanisms of
The citation command '\cite' has not been defined
by the selected citation style.

[4]

Package biblatex Warning: '\textcite' not defined by citation style.
(biblatex)                Falling back to '\cite' on input line 171.


! Package biblatex Error: Command '\cite' undefined.

See the biblatex package documentation for explanation.
Type  H <return>  for immediate help.
 ...                                              
                                                  
l.171 reward--penalty scheme of \textcite
                                         {BushMosteller1955}. The mathematics
The citation command '\cite' has not been defined
by the selected citation style.

! Undefined control sequence.
<argument> ...ween \(G_1\) and \(G_2\) \autocites 
                                                  [cf.][]{GibWex1994,NiyBer1...
l.180   I leave this special case aside here.}
                                              
The control sequence at the end of the top line
of your error message was never \def'ed. If you have
misspelled it (e.g., `\hobx'), type `I' and the correct
spelling (e.g., `I\hbox'). Otherwise just continue,
and I'll forget about whatever was undefined.


Package biblatex Warning: '\parencite' not defined by citation style.
(biblatex)                Falling back to '\cite' on input line 183.


! Package biblatex Error: Command '\cite' undefined.

See the biblatex package documentation for explanation.
Type  H <return>  for immediate help.
 ...                                              
                                                  
l.183 ...2$), while a negative value punishes it.}
                                                  \label{tbl-BM}
The citation command '\cite' has not been defined
by the selected citation style.


Package biblatex Warning: '\parencite' not defined by citation style.
(biblatex)                Falling back to '\cite' on input line 183.


! Package biblatex Error: Command '\cite' undefined.

See the biblatex package documentation for explanation.
Type  H <return>  for immediate help.
 ...                                              
                                                  
l.183 ...2$), while a negative value punishes it.}
                                                  \label{tbl-BM}
The citation command '\cite' has not been defined
by the selected citation style.


Package biblatex Warning: '\parencite' not defined by citation style.
(biblatex)                Falling back to '\cite' on input line 200.


! Package biblatex Error: Command '\cite' undefined.

See the biblatex package documentation for explanation.
Type  H <return>  for immediate help.
 ...                                              
                                                  
l.200 ...elta W_1$ and $W_2' = W_2 + \Delta W_2$.}
                                                  \label{tbl-BM2}
The citation command '\cite' has not been defined
by the selected citation style.


Package biblatex Warning: '\parencite' not defined by citation style.
(biblatex)                Falling back to '\cite' on input line 200.


! Package biblatex Error: Command '\cite' undefined.

See the biblatex package documentation for explanation.
Type  H <return>  for immediate help.
 ...                                              
                                                  
l.200 ...elta W_1$ and $W_2' = W_2 + \Delta W_2$.}
                                                  \label{tbl-BM2}
The citation command '\cite' has not been defined
by the selected citation style.


Package biblatex Warning: '\textcite' not defined by citation style.
(biblatex)                Falling back to '\cite' on input line 216.


! Package biblatex Error: Command '\cite' undefined.

See the biblatex package documentation for explanation.
Type  H <return>  for immediate help.
 ...                                              
                                                  
l.216 To model feature responsivity, \textcite
                                              {Kauhanen2022} introduced a
The citation command '\cite' has not been defined
by the selected citation style.

[5]
! Undefined control sequence.
l.246 ...These ``penalty probabilities'' \autocite
                                                  {Yang2000}
The control sequence at the end of the top line
of your error message was never \def'ed. If you have
misspelled it (e.g., `\hobx'), type `I' and the correct
spelling (e.g., `I\hbox'). Otherwise just continue,
and I'll forget about whatever was undefined.

! Undefined control sequence.
l.255 \autocite
               {BushMosteller1955,NarendraThathachar1989}. In practice this
The control sequence at the end of the top line
of your error message was never \def'ed. If you have
misspelled it (e.g., `\hobx'), type `I' and the correct
spelling (e.g., `I\hbox'). Otherwise just continue,
and I'll forget about whatever was undefined.

File: figures/ch5/example-trajectories.pdf Graphic file (type pdf)
<use figures/ch5/example-trajectories.pdf>

LaTeX Warning: Float too large for page by 9.80867pt on input line 278.

[6] [7]
! Undefined control sequence.
l.293 \(G = 1 - \gamma - \delta\) \autocite
                                           [see][Supplementary file, equations
The control sequence at the end of the top line
of your error message was never \def'ed. If you have
misspelled it (e.g., `\hobx'), type `I' and the correct
spelling (e.g., `I\hbox'). Otherwise just continue,
and I'll forget about whatever was undefined.

! Undefined control sequence.
l.321 their initial state \autocite
                                   {NarendraThathachar1989}.
The control sequence at the end of the top line
of your error message was never \def'ed. If you have
misspelled it (e.g., `\hobx'), type `I' and the correct
spelling (e.g., `I\hbox'). Otherwise just continue,
and I'll forget about whatever was undefined.

! Undefined control sequence.
l.325 \autocites
                [e.g.][]{Yang2000,HeyWal2013,SimEtAl2019,Kauhanen2022}. This
The control sequence at the end of the top line
of your error message was never \def'ed. If you have
misspelled it (e.g., `\hobx'), type `I' and the correct
spelling (e.g., `I\hbox'). Otherwise just continue,
and I'll forget about whatever was undefined.


! Package biblatex Error: Command '\cite' undefined.

See the biblatex package documentation for explanation.
Type  H <return>  for immediate help.
 ...                                              
                                                  
l.334 \cite
           {WallenbergEtAlDiaCom}). Section \ref{sec:bifurcation-threshold}
The citation command '\cite' has not been defined
by the selected citation style.


Overfull \hbox (158.63011pt too wide) in paragraph at lines 323--340
\TU/LibertinusSerif-Regular.otf(0)/m/n/10.95 tractability, that the variance do
es not exist at equilibrium [e.g.][]Yang2000,HeyWal2013,SimEtAl2019,Kauhanen202
2.
 []

[8]

Package biblatex Warning: '\textcite' not defined by citation style.
(biblatex)                Falling back to '\cite' on input line 355.


! Package biblatex Error: Command '\cite' undefined.

See the biblatex package documentation for explanation.
Type  H <return>  for immediate help.
 ...                                              
                                                  
l.355 \textcite
               {Kauhanen2022}, briefly summarized next.
The citation command '\cite' has not been defined
by the selected citation style.

! Undefined control sequence.
l.376 \tightlist
                
The control sequence at the end of the top line
of your error message was never \def'ed. If you have
misspelled it (e.g., `\hobx'), type `I' and the correct
spelling (e.g., `I\hbox'). Otherwise just continue,
and I'll forget about whatever was undefined.


Package biblatex Warning: '\textcite' not defined by citation style.
(biblatex)                Falling back to '\cite' on input line 389.


! Package biblatex Error: Command '\cite' undefined.

See the biblatex package documentation for explanation.
Type  H <return>  for immediate help.
 ...                                              
                                                  
l.389 \noindent Under these assumptions, \textcite
                                                  {Kauhanen2022} shows that
The citation command '\cite' has not been defined
by the selected citation style.

[9]
! Undefined control sequence.
l.409 ...cation-threshold}\end{equation} \autocite
                                                  [equation
The control sequence at the end of the top line
of your error message was never \def'ed. If you have
misspelled it (e.g., `\hobx'), type `I' and the correct
spelling (e.g., `I\hbox'). Otherwise just continue,
and I'll forget about whatever was undefined.


Package biblatex Warning: '\textcite' not defined by citation style.
(biblatex)                Falling back to '\cite' on input line 418.


! Package biblatex Error: Command '\cite' undefined.

See the biblatex package documentation for explanation.
Type  H <return>  for immediate help.
 ...                                              
                                                  
l.418 \textcite
               {Kauhanen2022} concerns the expression of null subjects in
The citation command '\cite' has not been defined
by the selected citation style.


Package biblatex Warning: '\textcite' not defined by citation style.
(biblatex)                Falling back to '\cite' on input line 421.


! Package biblatex Error: Command '\cite' undefined.

See the biblatex package documentation for explanation.
Type  H <return>  for immediate help.
 ...                                              
                                                  
l.421 centuries. \textcite
                          {SessaregoBook} argues that present-day APS exhibits
The citation command '\cite' has not been defined
by the selected citation style.


! LaTeX Error: Something's wrong--perhaps a missing \item.

See the LaTeX manual or LaTeX Companion for explanation.
Type  H <return>  for immediate help.
 ...                                              
                                                  
l.431 ... he himself went {to the} bar of party \\
                                                  
Try typing  <return>  to proceed.
If that doesn't work, type  X <return>  to quit.


! LaTeX Error: Something's wrong--perhaps a missing \item.

See the LaTeX manual or LaTeX Companion for explanation.
Type  H <return>  for immediate help.
 ...                                              
                                                  
l.431 ... he himself went {to the} bar of party \\
                                                  
Try typing  <return>  to proceed.
If that doesn't work, type  X <return>  to quit.


Package biblatex Warning: '\parencite' not defined by citation style.
(biblatex)                Falling back to '\cite' on input line 432.


! Package biblatex Error: Command '\cite' undefined.

See the biblatex package documentation for explanation.
Type  H <return>  for immediate help.
 ...                                              
                                                  
l.432 ...o the bar to have fun.' \hfill \parencite
                                                  [382]{Ses2014}
The citation command '\cite' has not been defined
by the selected citation style.


! LaTeX Error: \begin{flushleft} on input line 430 ended by \end{list}.

See the LaTeX manual or LaTeX Companion for explanation.
Type  H <return>  for immediate help.
 ...                                              
                                                  
l.433 \end{exe}
               
Your command was ignored.
Type  I <command> <return>  to replace it with another command,
or  <return>  to continue without it.


! LaTeX Error: \begin{list} on input line 429 ended by \end{exe}.

See the LaTeX manual or LaTeX Companion for explanation.
Type  H <return>  for immediate help.
 ...                                              
                                                  
l.433 \end{exe}
               
Your command was ignored.
Type  I <command> <return>  to replace it with another command,
or  <return>  to continue without it.


LaTeX Warning: Reference `ch:gemma' on page 10 undefined on input line 438.

! Undefined control sequence.
l.441 \autocite
               {Bini1993,PerGla1999,MargazaBel2006}, suggesting a plausible
The control sequence at the end of the top line
of your error message was never \def'ed. If you have
misspelled it (e.g., `\hobx'), type `I' and the correct
spelling (e.g., `I\hbox'). Otherwise just continue,
and I'll forget about whatever was undefined.


Overfull \hbox (12.2569pt too wide) in paragraph at lines 435--450
\TU/LibertinusSerif-Regular.otf(0)/m/n/10.95 difficulty in a number of experime
ntal studies Bini1993,PerGla1999,MargazaBel2006,
 []

[10]

Package biblatex Warning: '\textcite' not defined by citation style.
(biblatex)                Falling back to '\cite' on input line 452.


! Package biblatex Error: Command '\cite' undefined.

See the biblatex package documentation for explanation.
Type  H <return>  for immediate help.
 ...                                              
                                                  
l.452 \textcite
               {Kauhanen2022} estimated the likely proportion of L2 learners
The citation command '\cite' has not been defined
by the selected citation style.


Package biblatex Warning: '\textcite' not defined by citation style.
(biblatex)                Falling back to '\cite' on input line 454.


! Package biblatex Error: Command '\cite' undefined.

See the biblatex package documentation for explanation.
Type  H <return>  for immediate help.
 ...                                              
                                                  
l.454 \textcite
               {SimEtAl2019} put the advantage of the null subject grammar
The citation command '\cite' has not been defined
by the selected citation style.

[11]
! Undefined control sequence.
l.494 \tightlist
                
The control sequence at the end of the top line
of your error message was never \def'ed. If you have
misspelled it (e.g., `\hobx'), type `I' and the correct
spelling (e.g., `I\hbox'). Otherwise just continue,
and I'll forget about whatever was undefined.

! Undefined control sequence.
l.517 agent-based model \autocite
                                 {Gilbert2020,Smaldino2023} and to run
The control sequence at the end of the top line
of your error message was never \def'ed. If you have
misspelled it (e.g., `\hobx'), type `I' and the correct
spelling (e.g., `I\hbox'). Otherwise just continue,
and I'll forget about whatever was undefined.

[12]
! Undefined control sequence.
<argument> ... the distribution's shape \autocite 
                                                  [see e.g.][151--152]{Saman...
l.570   \textcite{GuerreroEtAl2025}.}
                                      Instead of simulating each learner's
The control sequence at the end of the top line
of your error message was never \def'ed. If you have
misspelled it (e.g., `\hobx'), type `I' and the correct
spelling (e.g., `I\hbox'). Otherwise just continue,
and I'll forget about whatever was undefined.


Package biblatex Warning: '\textcite' not defined by citation style.
(biblatex)                Falling back to '\cite' on input line 570.


! Package biblatex Error: Command '\cite' undefined.

See the biblatex package documentation for explanation.
Type  H <return>  for immediate help.
 ...                                              
                                                  
l.570   \textcite{GuerreroEtAl2025}.}
                                      Instead of simulating each learner's
The citation command '\cite' has not been defined
by the selected citation style.

! Undefined control sequence.
l.579 \end{equation} respectively \autocite
                                           [see e.g.][151]{Samaniego2014}.
The control sequence at the end of the top line
of your error message was never \def'ed. If you have
misspelled it (e.g., `\hobx'), type `I' and the correct
spelling (e.g., `I\hbox'). Otherwise just continue,
and I'll forget about whatever was undefined.

[13]
File: figures/ch5/experiment.pdf Graphic file (type pdf)
<use figures/ch5/experiment.pdf>

! Undefined control sequence.
<argument> ...code was written in Julia \autocite 
                                                  {Julia}, version 1.11.4, a...
l.639 ...b.com/erc-starfish/contact-simulations}.}
                                                   the mean
The control sequence at the end of the top line
of your error message was never \def'ed. If you have
misspelled it (e.g., `\hobx'), type `I' and the correct
spelling (e.g., `I\hbox'). Otherwise just continue,
and I'll forget about whatever was undefined.

[14] [15]
File: figures/ch5/lattice.pdf Graphic file (type pdf)
<use figures/ch5/lattice.pdf>

! Undefined control sequence.
l.689 ...f scenarios of language contact \autocite
                                                  [cf.][]{Muysken2013}.
The control sequence at the end of the top line
of your error message was never \def'ed. If you have
misspelled it (e.g., `\hobx'), type `I' and the correct
spelling (e.g., `I\hbox'). Otherwise just continue,
and I'll forget about whatever was undefined.

! Undefined control sequence.
l.725 \autocite
               {Yang2000,WallenbergEtAlDiaCom}.
The control sequence at the end of the top line
of your error message was never \def'ed. If you have
misspelled it (e.g., `\hobx'), type `I' and the correct
spelling (e.g., `I\hbox'). Otherwise just continue,
and I'll forget about whatever was undefined.

[16] [17]
! Undefined control sequence.
<argument> ...red or biological systems \autocite 
                                                  [see][155--156]{Samaniego2...
l.768 ...\autocite[see][155--156]{Samaniego2014}.}
                                                   with
The control sequence at the end of the top line
of your error message was never \def'ed. If you have
misspelled it (e.g., `\hobx'), type `I' and the correct
spelling (e.g., `I\hbox'). Otherwise just continue,
and I'll forget about whatever was undefined.


Overfull \hbox (3.67212pt too wide) in paragraph at lines 777--779
[]\TU/LibertinusSerif-Regular.otf(1)/m/n/10.95 Figure [][]5[][] provides exampl
e illustrations of the distributions governing the above-
 []

File: figures/ch5/distros.pdf Graphic file (type pdf)
<use figures/ch5/distros.pdf>
[18] [19] [20]
File: figures/ch5/ts.pdf Graphic file (type pdf)
<use figures/ch5/ts.pdf>
File: figures/ch5/lat.pdf Graphic file (type pdf)
<use figures/ch5/lat.pdf>

! Undefined control sequence.
l.922 \tightlist
                
The control sequence at the end of the top line
of your error message was never \def'ed. If you have
misspelled it (e.g., `\hobx'), type `I' and the correct
spelling (e.g., `I\hbox'). Otherwise just continue,
and I'll forget about whatever was undefined.

[21] [22] [23]
File: figures/ch5/bifu.pdf Graphic file (type pdf)
<use figures/ch5/bifu.pdf>
File: figures/ch5/latshape.pdf Graphic file (type pdf)
<use figures/ch5/latshape.pdf>
 [24] [25] [26]

Package biblatex Warning: '\textcite' not defined by citation style.
(biblatex)                Falling back to '\cite' on input line 1055.


! Package biblatex Error: Command '\cite' undefined.

See the biblatex package documentation for explanation.
Type  H <return>  for immediate help.
 ...                                              
                                                  
l.1055 \textcite
                {Kauhanen2022} hold, in the light of what is known empirically
The citation command '\cite' has not been defined
by the selected citation style.

! Undefined control sequence.
l.1064 than do older generations \autocite
                                          {Ses2014}. Verbal inflection in
The control sequence at the end of the top line
of your error message was never \def'ed. If you have
misspelled it (e.g., `\hobx'), type `I' and the correct
spelling (e.g., `I\hbox'). Otherwise just continue,
and I'll forget about whatever was undefined.


! Package biblatex Error: Command '\cite' undefined.

See the biblatex package documentation for explanation.
Type  H <return>  for immediate help.
 ...                                              
                                                  
l.1068 \cite
            {Ponelis1993} for a detailed treatment).
The citation command '\cite' has not been defined
by the selected citation style.

*** Recursion on "exe"---your example numbering will probably be screwed up!
[27]

Package biblatex Warning: '\textcite' not defined by citation style.
(biblatex)                Falling back to '\cite' on input line 1102.


! Package biblatex Error: Command '\cite' undefined.

See the biblatex package documentation for explanation.
Type  H <return>  for immediate help.
 ...                                              
                                                  
l.1102 ... simplified from the tables in \textcite
                                                  {Kauhanen2022}, which in
The citation command '\cite' has not been defined
by the selected citation style.


Package biblatex Warning: '\textcite' not defined by citation style.
(biblatex)                Falling back to '\cite' on input line 1103.


! Package biblatex Error: Command '\cite' undefined.

See the biblatex package documentation for explanation.
Type  H <return>  for immediate help.
 ...                                              
                                                  
l.1103 ...rom the demographic studies in \textcite
                                                  {Bow1974}
The citation command '\cite' has not been defined
by the selected citation style.


Package biblatex Warning: '\textcite' not defined by citation style.
(biblatex)                Falling back to '\cite' on input line 1104.


! Package biblatex Error: Command '\cite' undefined.

See the biblatex package documentation for explanation.
Type  H <return>  for immediate help.
 ...                                              
                                                  
l.1104 and \textcite
                    {GilElph1979}.
The citation command '\cite' has not been defined
by the selected citation style.


! Package biblatex Error: Command '\cite' undefined.

See the biblatex package documentation for explanation.
Type  H <return>  for immediate help.
 ...                                              
                                                  
l.1107 ...ought to be counted as European or not.}
                                                  \label{tbl:data-aps}
The citation command '\cite' has not been defined
by the selected citation style.


! Package biblatex Error: Command '\cite' undefined.

See the biblatex package documentation for explanation.
Type  H <return>  for immediate help.
 ...                                              
                                                  
l.1107 ...ought to be counted as European or not.}
                                                  \label{tbl:data-aps}
The citation command '\cite' has not been defined
by the selected citation style.


Package biblatex Warning: '\textcite' not defined by citation style.
(biblatex)                Falling back to '\cite' on input line 1107.


! Package biblatex Error: Command '\cite' undefined.

See the biblatex package documentation for explanation.
Type  H <return>  for immediate help.
 ...                                              
                                                  
l.1107 ...ought to be counted as European or not.}
                                                  \label{tbl:data-aps}
The citation command '\cite' has not been defined
by the selected citation style.


! Package biblatex Error: Command '\cite' undefined.

See the biblatex package documentation for explanation.
Type  H <return>  for immediate help.
 ...                                              
                                                  
l.1107 ...ought to be counted as European or not.}
                                                  \label{tbl:data-aps}
The citation command '\cite' has not been defined
by the selected citation style.


! Package biblatex Error: Command '\cite' undefined.

See the biblatex package documentation for explanation.
Type  H <return>  for immediate help.
 ...                                              
                                                  
l.1107 ...ought to be counted as European or not.}
                                                  \label{tbl:data-aps}
The citation command '\cite' has not been defined
by the selected citation style.


Package biblatex Warning: '\textcite' not defined by citation style.
(biblatex)                Falling back to '\cite' on input line 1107.


! Package biblatex Error: Command '\cite' undefined.

See the biblatex package documentation for explanation.
Type  H <return>  for immediate help.
 ...                                              
                                                  
l.1107 ...ought to be counted as European or not.}
                                                  \label{tbl:data-aps}
The citation command '\cite' has not been defined
by the selected citation style.


! Package biblatex Error: Command '\cite' undefined.

See the biblatex package documentation for explanation.
Type  H <return>  for immediate help.
 ...                                              
                                                  
l.1121 ...not included in the numbers shown here.}
                                                  \label{tbl:data-afrikaans}
The citation command '\cite' has not been defined
by the selected citation style.


! Package biblatex Error: Command '\cite' undefined.

See the biblatex package documentation for explanation.
Type  H <return>  for immediate help.
 ...                                              
                                                  
l.1121 ...not included in the numbers shown here.}
                                                  \label{tbl:data-afrikaans}
The citation command '\cite' has not been defined
by the selected citation style.


! Package biblatex Error: Command '\cite' undefined.

See the biblatex package documentation for explanation.
Type  H <return>  for immediate help.
 ...                                              
                                                  
l.1121 ...not included in the numbers shown here.}
                                                  \label{tbl:data-afrikaans}
The citation command '\cite' has not been defined
by the selected citation style.


! Package biblatex Error: Command '\cite' undefined.

See the biblatex package documentation for explanation.
Type  H <return>  for immediate help.
 ...                                              
                                                  
l.1121 ...not included in the numbers shown here.}
                                                  \label{tbl:data-afrikaans}
The citation command '\cite' has not been defined
by the selected citation style.

! Undefined control sequence.
l.1141 model \autocite
                      {Toni_etal_2009,Sunnaker_etal_2013}. This method starts
The control sequence at the end of the top line
of your error message was never \def'ed. If you have
misspelled it (e.g., `\hobx'), type `I' and the correct
spelling (e.g., `I\hbox'). Otherwise just continue,
and I'll forget about whatever was undefined.

! Missing $ inserted.
<inserted text> 
                $
l.1141 model \autocite{Toni_
                            etal_2009,Sunnaker_etal_2013}. This method starts
I've inserted a begin-math/end-math symbol since I think
you left one out. Proceed, with fingers crossed.

! Extra }, or forgotten $.
l.1141 ...ocite{Toni_etal_2009,Sunnaker_etal_2013}
                                                  . This method starts
I've deleted a group-closing symbol because it seems to be
spurious, as in `$x}$'. But perhaps the } is legitimate and
you forgot something else, as in `\hbox{$x}'. In such cases
the way to recover is to insert both the forgotten and the
deleted material, e.g., by typing `I$}'.

! Undefined control sequence.
l.1148 \autocite
                {StornPrice1997,DasSuganthan2011} and the model is run again.
The control sequence at the end of the top line
of your error message was never \def'ed. If you have
misspelled it (e.g., `\hobx'), type `I' and the correct
spelling (e.g., `I\hbox'). Otherwise just continue,
and I'll forget about whatever was undefined.

! Missing $ inserted.
<inserted text> 
                $
l.1155 
       
I've inserted a begin-math/end-math symbol since I think
you left one out. Proceed, with fingers crossed.


Overfull \hbox (3353.41458pt too wide) in paragraph at lines 1138--1155
\TU/LibertinusSerif-Regular.otf(1)/m/n/10.95 the values of all sociodemographic
 parameters of the model Toni$[][][][][][][][][] [][][][][][][][][][][][][][][]
[][][][][][][][][][][][][][][][][][][][][][][][][][][][][][][][][][][][][][][][
][][][][][][][][][][][][][][][][][][][][][][] [][][][][][][][][][][][][][][][][
][][][][][][][][][][][][][][][][][][][][][][][][][][][][][][][][][][][][][][][]
[][][][][][][][][][][][][][][][][][][][][][][][][][][][][][][][][][][][][][][][
][][][][][][][][][][][][][][][][][][][][][][][][][][][][][][][][][][][][][][][]
[][][][][][][][][][][][][][][][][][][][][][][][][][][][][][][][][][][][][][][][
][][][][][][][][][][][][][][][][][][][][][][][][][][][][][][][][][][][][][][][]
[][][][][][][][][][][][][][][][][][][][][][][][][][][][][][][][][][][][][][][][
][][][][][][][][][][][][][][][][][][][][][][][][][][][][][][][][][][][][][][][]
[][][][][][][][][][][][][][][][][][][][][][][][][][][][][][][][][][][][][][][][
][][][][][][][][][][][][][][][][][][][][][][][][][][][][][][][] [][][][][][][][
][][][][][][][][][][][][][][][][][][][][][][][][][][][][][][][][][][][][][][][]
[][][][][][][][][][][][][][][][][][][][][][][][][][][][][][][][][][][][][][][][
][][][][][][][][][][][][][][][][][][][][][][][][][][][][][][][][][][][][][][][]
[][][][][][][][][][][][][][][][][][][][][][][][][][][][][][][][][][][][][][][][
][][][][][][][][][][][][][][][][][][][][][][][][][][][][][][][][][][][][][][][]
[][][][][][][][][][][][][][][][][][][][][][][][][][][][][][][][][][][][][][][][
][][][][][][][][][][][][][][][][][][][][][][][][][][] []
 []

[28]
File: figures/ch5/abc-APS.pdf Graphic file (type pdf)
<use figures/ch5/abc-APS.pdf>
File: figures/ch5/abc-Afrikaans.pdf Graphic file (type pdf)
<use figures/ch5/abc-Afrikaans.pdf>


Package biblatex Warning: '\textcite' not defined by citation style.
(biblatex)                Falling back to '\cite' on input line 1181.


! Package biblatex Error: Command '\cite' undefined.

See the biblatex package documentation for explanation.
Type  H <return>  for immediate help.
 ...                                              
                                                  
l.1181 \textcite
                {SimEtAl2019}. In the case of Afrikaans,
The citation command '\cite' has not been defined
by the selected citation style.


Package biblatex Warning: '\textcite' not defined by citation style.
(biblatex)                Falling back to '\cite' on input line 1182.


! Package biblatex Error: Command '\cite' undefined.

See the biblatex package documentation for explanation.
Type  H <return>  for immediate help.
 ...                                              
                                                  
l.1182 \textcite
                {Kauhanen2022} takes \(a_1 = a_2\) on the grounds that, Dutch
The citation command '\cite' has not been defined
by the selected citation style.

File: figures/ch5/optimized-simulations.pdf Graphic file (type pdf)
<use figures/ch5/optimized-simulations.pdf>

Package biblatex Warning: '\textcite' not defined by citation style.
(biblatex)                Falling back to '\cite' on input line 1210.


! Package biblatex Error: Command '\cite' undefined.

See the biblatex package documentation for explanation.
Type  H <return>  for immediate help.
 ...                                              
                                                  
l.1210 \textcite
                {Kauhanen2022}. Full simplification is never attained, no
The citation command '\cite' has not been defined
by the selected citation style.

! Undefined control sequence.
l.1215 consistent null subject grammar \autocite
                                                {Ses2014}.
The control sequence at the end of the top line
of your error message was never \def'ed. If you have
misspelled it (e.g., `\hobx'), type `I' and the correct
spelling (e.g., `I\hbox'). Otherwise just continue,
and I'll forget about whatever was undefined.

[29] [30] [31] [32]

Package biblatex Warning: '\textcite' not defined by citation style.
(biblatex)                Falling back to '\cite' on input line 1228.


! Package biblatex Error: Command '\cite' undefined.

See the biblatex package documentation for explanation.
Type  H <return>  for immediate help.
 ...                                              
                                                  
l.1228 change proposed in \textcite
                                   {Kauhanen2022} and implemented the model in
The citation command '\cite' has not been defined
by the selected citation style.


Package biblatex Warning: '\textcite' not defined by citation style.
(biblatex)                Falling back to '\cite' on input line 1233.


! Package biblatex Error: Command '\cite' undefined.

See the biblatex package documentation for explanation.
Type  H <return>  for immediate help.
 ...                                              
                                                  
l.1233 \textcite
                {Kauhanen2022} -- the existence and location of a bifurcation
The citation command '\cite' has not been defined
by the selected citation style.


Package biblatex Warning: '\textcite' not defined by citation style.
(biblatex)                Falling back to '\cite' on input line 1236.


! Package biblatex Error: Command '\cite' undefined.

See the biblatex package documentation for explanation.
Type  H <return>  for immediate help.
 ...                                              
                                                  
l.1236 ...space, the two case studies of \textcite
                                                  {Kauhanen2022}
The citation command '\cite' has not been defined
by the selected citation style.

! Undefined control sequence.
l.1253 \autocites
                 [e.g.][]{KeGonWan2008,FagEtal2010,Kau2017,Josserand2021}.
The control sequence at the end of the top line
of your error message was never \def'ed. If you have
misspelled it (e.g., `\hobx'), type `I' and the correct
spelling (e.g., `I\hbox'). Otherwise just continue,
and I'll forget about whatever was undefined.

[33] [34]
! Undefined control sequence.
l.1350 (ABC-SMC) \autocite
                          {Toni_etal_2009,Sunnaker_etal_2013} with Differential
The control sequence at the end of the top line
of your error message was never \def'ed. If you have
misspelled it (e.g., `\hobx'), type `I' and the correct
spelling (e.g., `I\hbox'). Otherwise just continue,
and I'll forget about whatever was undefined.

! Missing $ inserted.
<inserted text> 
                $
l.1350 (ABC-SMC) \autocite{Toni_
                                etal_2009,Sunnaker_etal_2013} with Differential
I've inserted a begin-math/end-math symbol since I think
you left one out. Proceed, with fingers crossed.

! Extra }, or forgotten $.
l.1350 ...ocite{Toni_etal_2009,Sunnaker_etal_2013}
                                                   with Differential
I've deleted a group-closing symbol because it seems to be
spurious, as in `$x}$'. But perhaps the } is legitimate and
you forgot something else, as in `\hbox{$x}'. In such cases
the way to recover is to insert both the forgotten and the
deleted material, e.g., by typing `I$}'.

! Undefined control sequence.
l.1351 Evolution (DE) moves \autocite
                                     {StornPrice1997,DasSuganthan2011} was
The control sequence at the end of the top line
of your error message was never \def'ed. If you have
misspelled it (e.g., `\hobx'), type `I' and the correct
spelling (e.g., `I\hbox'). Otherwise just continue,
and I'll forget about whatever was undefined.

! Undefined control sequence.
l.1353 language \autocite
                         {Julia}. The distance function between model
The control sequence at the end of the top line
of your error message was never \def'ed. If you have
misspelled it (e.g., `\hobx'), type `I' and the correct
spelling (e.g., `I\hbox'). Otherwise just continue,
and I'll forget about whatever was undefined.


! LaTeX Error: Bad math environment delimiter.

See the LaTeX manual or LaTeX Companion for explanation.
Type  H <return>  for immediate help.
 ...                                              
                                                  
l.1354 ...iction and empirical data is given by \[
                                                  
Your command was ignored.
Type  I <command> <return>  to replace it with another command,
or  <return>  to continue without it.

! Missing \endgroup inserted.
<inserted text> 
                \endgroup 
l.1356 \]
          i.e.~by the mean absolute error (this has the straightforward
I've inserted something that you may have forgotten.
(See the <inserted text> above.)
With luck, this will get me unwedged. But if you
really didn't forget anything, try typing `2' now; then
my insertion and my current dilemma will both disappear.


! LaTeX Error: \begin{exe} on input line 428 ended by \end{equation*}.

See the LaTeX manual or LaTeX Companion for explanation.
Type  H <return>  for immediate help.
 ...                                              
                                                  
l.1356 \]
          i.e.~by the mean absolute error (this has the straightforward
Your command was ignored.
Type  I <command> <return>  to replace it with another command,
or  <return>  to continue without it.

! Missing $ inserted.
<inserted text> 
                $
l.1356 \]
          i.e.~by the mean absolute error (this has the straightforward
I've inserted something that you may have forgotten.
(See the <inserted text> above.)
With luck, this will get me unwedged. But if you
really didn't forget anything, try typing `2' now; then
my insertion and my current dilemma will both disappear.

! Missing } inserted.
<inserted text> 
                }
l.1356 \]
          i.e.~by the mean absolute error (this has the straightforward
I've inserted something that you may have forgotten.
(See the <inserted text> above.)
With luck, this will get me unwedged. But if you
really didn't forget anything, try typing `2' now; then
my insertion and my current dilemma will both disappear.

! Missing } inserted.
<inserted text> 
                }
l.1356 \]
          i.e.~by the mean absolute error (this has the straightforward
I've inserted something that you may have forgotten.
(See the <inserted text> above.)
With luck, this will get me unwedged. But if you
really didn't forget anything, try typing `2' now; then
my insertion and my current dilemma will both disappear.


Overfull \hbox (838.25919pt too wide) in paragraph at lines 1348--1369
\TU/LibertinusSerif-Regular.otf(1)/m/n/10.95 SMC) Toni$[][][][][][][][][] [][][
][][][][][][][][][][][][][][][][][][][][][][][][][][][][][][][][][][][][][][][]
[][][][][][][][][][][][][][][][][] [][][][][][][][][][][][][][][][][][][][][][]
[][][][][][][][][][][][][][][][][][][][][][][][][][][][][][][][][][][][][][][][
][][][][][][][][][][][][][][][][][][][][][][][][][][][][][][][][][][][][][][][]
[][][][][][][][][][][][][][][][][][][][][][][][][][][][][][][][][][] []
 []

[35]
Overfull \hbox (2.00813pt too wide) in paragraph at lines 1372--1388
 [][] 
 []

[36])

LaTeX Warning: Empty bibliography on input line 26.

) [37]
Package biblatex Info: Reference section=0 on input line 49.
 (./backmatter.tex
No file main.and.
[38




]
No file main.lnd.
No file main.snd.
) [39


]

Package fontspec Info: Arimo-Regular scale = 0.812005781597008.


Package fontspec Info: Arimo-Regular scale = 0.9564080491781695.

LaTeX Font Info:    Font shape `TU/Arimo-Regular.ttf(2)/m/n' will be
(Font)              scaled to size 23.91014pt on input line 59.
 [40] (./main.aux (./chapters/preface.aux)
(./chapters/acknowledgments.aux) (./chapters/05.aux))

LaTeX Warning: There were undefined references.

Package logreq Info: Writing requests to 'main.run.xml'.
\openout1 = `main.run.xml'.

 )
(\end occurred when \ifx on line 16 was incomplete) 
Here is how much of TeX's memory you used:
 50527 strings out of 478743
 1039954 string characters out of 5849520
 2243920 words of memory out of 5000000
 69644 multiletter control sequences out of 15000+600000
 523258 words of font info for 170 fonts, out of 8000000 for 9000
 15 hyphenation exceptions out of 8191
 122i,20n,136p,10596b,4001s stack positions out of 10000i,1000n,20000p,200000b,200000s

Output written on main.pdf (50 pages).
